{
  "syncs": [{
      "syncName": "syncDownAccounts",
      "syncType": "syncDown",
      "soupName": "accounts",
      "target": {
        "type": "soql",
        "query": "SELECT DQ_fld_nombreSegunGestor__c, BillingAddress, DQ_fld_direccionSegunGestor__c, RecordTypeId, Name, DQ_fld_id__c, DQ_fld_fechaAlta__c, DQ_fld_fechadeBaja__c, DQ_fld_ultimosMovimientos__c, DQ_fld_bloqueado__c, DQ_fld_cadena__c, DQ_fld_tasadeFuga__c, Id, DQ_fld_nif__c, DQ_fld_email__c, DQ_fld_movil__c, DQ_fld_riesgodeFugaCO2__c, DQ_fld_grupoRegional__c, DQ_fld_clienteNuevodeBarril__c, DQ_fld_dirCalleTipo__c, DQ_fld_dirCalle__c, DQ_fld_dirNumero__c, DQ_fld_ampliacion__c, DQ_fld_municipio__c, DQ_fld_dirCodigoPostal__c, DQ_fld_dirPais__c, DQ_fld_dirCiudad__c, DQ_fld_telefonoDistribuidor__c, DQ_fld_tipoTemporalidad__c, DQ_fld_temporalidad__c, DQ_fld_fechaIniCie__c, DQ_fld_fechaFinCie__c, DQ_fld_dirTelefono__c, DQ_fld_web__c, DQ_fld_festivoSemanal__c, DQ_fld_horarioApertura__c, DQ_fld_comentarios__c, DQ_fld_emailDistribuidor__c, DQ_fld_fechadeAlerta__c, DQ_fld_isRecurrencyPlanned__c, DQ_fld_desarrolloDesde__c, DQ_fld_desarrolloHasta__c, DQ_fld_desarrollo__c, Henry_fld_subdistribuidor__c, OwnerId, Nat_fld_incluidoEnNautilus__c, Henry_fld_CumplimientoSurtidoPicosColor__c, Henry_fld_CumplimientoSurtidoPicos__c, Henry_fld_CumplimientoPorcentaje__c, DQ_fld_preventaNombre__c, DQ_fld_disId__c, DQ_fld_dirProvincia__c, Henry_fld_provinciaRefrival__c, Henry_fld_codigoPDVRefrival__c, Nat_fld_disNautilus__c, Henry_fld_motivoCierreVisitaRec__c, Henry_fld_facebook__c, Henry_fld_twitter__c, Henry_fld_instagram__c, Henry_fld_gmb__c, BillingCountryCode, Henry_fld_visitaVirtual__c, Henry_fld_habilitadoParaTelematicas__c, Henry_fld_motivoCierreVisitaVir__c FROM Account WHERE (RecordType.DeveloperName = 'DQ_rt_pdv' or RecordType.DeveloperName = 'DQ_rt_distribuidor') LIMIT 10000"
      },
      "options": {
        "mergeMode": "OVERWRITE"
      }
    },
    {
      "syncName": "syncDownAccountsPro",
      "syncType": "syncDown",
      "soupName": "accounts",
      "target": {
        "type": "soql",
        "query": "SELECT DQ_fld_nombreSegunGestor__c, BillingAddress, DQ_fld_direccionSegunGestor__c, RecordTypeId, Name, DQ_fld_id__c, DQ_fld_fechaAlta__c, DQ_fld_fechadeBaja__c, DQ_fld_ultimosMovimientos__c, DQ_fld_bloqueado__c, DQ_fld_cadena__c, DQ_fld_tasadeFuga__c, Id, DQ_fld_nif__c, DQ_fld_email__c, DQ_fld_movil__c, DQ_fld_riesgodeFugaCO2__c, DQ_fld_grupoRegional__c, DQ_fld_clienteNuevodeBarril__c, DQ_fld_dirCalleTipo__c, DQ_fld_dirCalle__c, DQ_fld_dirNumero__c, DQ_fld_ampliacion__c, DQ_fld_municipio__c, DQ_fld_dirCodigoPostal__c, DQ_fld_dirPais__c, DQ_fld_dirCiudad__c, DQ_fld_telefonoDistribuidor__c, DQ_fld_tipoTemporalidad__c, DQ_fld_temporalidad__c, DQ_fld_fechaIniCie__c, DQ_fld_fechaFinCie__c, DQ_fld_dirTelefono__c, DQ_fld_web__c, DQ_fld_festivoSemanal__c, DQ_fld_horarioApertura__c, DQ_fld_comentarios__c, DQ_fld_emailDistribuidor__c, DQ_fld_fechadeAlerta__c, DQ_fld_isRecurrencyPlanned__c, DQ_fld_desarrolloDesde__c, DQ_fld_desarrolloHasta__c, DQ_fld_desarrollo__c, Henry_fld_subdistribuidor__c, OwnerId, Henry_fld_CumplimientoSurtidoPicosColor__c, Henry_fld_CumplimientoSurtidoPicos__c, Henry_fld_CumplimientoPorcentaje__c, DQ_fld_preventaNombre__c, DQ_fld_disId__c, DQ_fld_dirProvincia__c, Henry_fld_provinciaRefrival__c, Henry_fld_codigoPDVRefrival__c, Nat_fld_disNautilus__c, Henry_fld_motivoCierreVisitaRec__c, Henry_fld_facebook__c, Henry_fld_twitter__c, Henry_fld_instagram__c, Henry_fld_gmb__c, BillingCountryCode FROM Account WHERE ((RecordType.DeveloperName = 'DQ_rt_pdv' AND DQ_fld_desarrollo__c = true) or RecordType.DeveloperName = 'DQ_rt_distribuidor') LIMIT 10000"
      },
      "options": {
        "mergeMode": "OVERWRITE"
      }
    },
    {
      "syncName": "syncDownAccountsGCC",
      "syncType": "syncDown",
      "soupName": "accounts",
      "target": {
        "type": "soql",
        "query": "SELECT DQ_fld_nombreSegunGestor__c, BillingAddress, DQ_fld_direccionSegunGestor__c, RecordTypeId, Name, DQ_fld_id__c, DQ_fld_fechaAlta__c, DQ_fld_fechadeBaja__c, DQ_fld_ultimosMovimientos__c, DQ_fld_bloqueado__c, DQ_fld_cadena__c, DQ_fld_tasadeFuga__c, Id, DQ_fld_nif__c, DQ_fld_email__c, DQ_fld_movil__c, DQ_fld_riesgodeFugaCO2__c, DQ_fld_grupoRegional__c, DQ_fld_clienteNuevodeBarril__c, DQ_fld_dirCalleTipo__c, DQ_fld_dirCalle__c, DQ_fld_dirNumero__c, DQ_fld_ampliacion__c, DQ_fld_municipio__c, DQ_fld_dirCodigoPostal__c, DQ_fld_dirPais__c, DQ_fld_dirCiudad__c, DQ_fld_telefonoDistribuidor__c, DQ_fld_tipoTemporalidad__c, DQ_fld_temporalidad__c, DQ_fld_fechaIniCie__c, DQ_fld_fechaFinCie__c, DQ_fld_dirTelefono__c, DQ_fld_web__c, DQ_fld_festivoSemanal__c, DQ_fld_horarioApertura__c, DQ_fld_comentarios__c, DQ_fld_emailDistribuidor__c, DQ_fld_fechadeAlerta__c, DQ_fld_isRecurrencyPlanned__c, DQ_fld_desarrolloDesde__c, DQ_fld_desarrolloHasta__c, DQ_fld_desarrollo__c, Henry_fld_subdistribuidor__c, OwnerId, Henry_fld_CumplimientoSurtidoPicosColor__c, Henry_fld_CumplimientoSurtidoPicos__c, Henry_fld_CumplimientoPorcentaje__c, DQ_fld_preventaNombre__c, DQ_fld_disId__c, DQ_fld_dirProvincia__c, Henry_fld_provinciaRefrival__c, Henry_fld_codigoPDVRefrival__c, Nat_fld_disNautilus__c, Henry_fld_motivoCierreVisitaRec__c, Henry_fld_facebook__c, Henry_fld_twitter__c, Henry_fld_instagram__c, Henry_fld_gmb__c, BillingCountryCode FROM Account WHERE (Id IN (Select DQ_fld_pdv__c from DQ_obj_segmentacion__c where DQ_fld_frente__c IN ('KM','CB'))) LIMIT 10000"
      },
      "options": {
        "mergeMode": "OVERWRITE"
      }
    },
    {
      "syncName": "syncDownAccountsDIS",
      "syncType": "syncDown",
      "soupName": "accounts",
      "target": {
        "type": "soql",
        "query": "SELECT DQ_fld_nombreSegunGestor__c, BillingAddress, DQ_fld_direccionSegunGestor__c, RecordTypeId, Name, DQ_fld_id__c, DQ_fld_fechaAlta__c, DQ_fld_fechadeBaja__c, DQ_fld_ultimosMovimientos__c, DQ_fld_bloqueado__c, DQ_fld_cadena__c, DQ_fld_tasadeFuga__c, Id, DQ_fld_nif__c, DQ_fld_email__c, DQ_fld_movil__c, DQ_fld_riesgodeFugaCO2__c, DQ_fld_grupoRegional__c, DQ_fld_clienteNuevodeBarril__c, DQ_fld_dirCalleTipo__c, DQ_fld_dirCalle__c, DQ_fld_dirNumero__c, DQ_fld_ampliacion__c, DQ_fld_municipio__c, DQ_fld_dirCodigoPostal__c, DQ_fld_dirPais__c, DQ_fld_dirCiudad__c, DQ_fld_telefonoDistribuidor__c, DQ_fld_tipoTemporalidad__c, DQ_fld_temporalidad__c, DQ_fld_fechaIniCie__c, DQ_fld_fechaFinCie__c, DQ_fld_dirTelefono__c, DQ_fld_web__c, DQ_fld_festivoSemanal__c, DQ_fld_horarioApertura__c, DQ_fld_comentarios__c, DQ_fld_emailDistribuidor__c, DQ_fld_fechadeAlerta__c, DQ_fld_isRecurrencyPlanned__c, DQ_fld_desarrolloDesde__c, DQ_fld_desarrolloHasta__c, DQ_fld_desarrollo__c, Henry_fld_subdistribuidor__c, OwnerId, Henry_fld_CumplimientoSurtidoPicosColor__c, Henry_fld_CumplimientoSurtidoPicos__c, Henry_fld_CumplimientoPorcentaje__c, DQ_fld_preventaNombre__c, DQ_fld_disId__c, DQ_fld_dirProvincia__c, Henry_fld_provinciaRefrival__c, Henry_fld_codigoPDVRefrival__c, Nat_fld_disNautilus__c, Henry_fld_motivoCierreVisitaRec__c, Henry_fld_facebook__c, Henry_fld_twitter__c, Henry_fld_instagram__c, Henry_fld_gmb__c, BillingCountryCode FROM Account WHERE (RecordType.DeveloperName = 'DQ_rt_distribuidor')  LIMIT 10000"
      },
      "options": {
        "mergeMode": "OVERWRITE"
      }
    },
    {
      "syncName": "syncUpAccounts",
      "syncType": "syncUp",
      "soupName": "accounts",
      "target": {
        "createFieldlist": ["DQ_fld_nombreSegunGestor__c", "DQ_fld_direccionSegunGestor__c", "DQ_fld_temporalidad__c", "DQ_fld_fechaIniCie__c", "DQ_fld_fechaFinCie__c", "DQ_fld_dirTelefono__c", "DQ_fld_dirProvincia__c", "DQ_fld_web__c", "DQ_fld_festivoSemanal__c", "DQ_fld_horarioApertura__c", "DQ_fld_comentarios__c", "DQ_fld_email__c", "DQ_fld_isRecurrencyPlanned__c", "DQ_fld_desarrolloDesde__c", "DQ_fld_desarrolloHasta__c", "DQ_fld_desarrollo__c", "DQ_fld_bloqueado__c","Henry_fld_motivoCierreVisitaRec__c","Henry_fld_facebook__c", "Henry_fld_twitter__c", "Henry_fld_instagram__c", "Henry_fld_gmb__c", "DQ_fld_tipoTemporalidad__c", "DQ_fld_cadena__c", "Henry_fld_habilitadoParaTelematicas__c","Henry_fld_motivoCierreVisitaVir__c"]
      },
      "options": {
        "fieldlist": ["DQ_fld_nombreSegunGestor__c", "DQ_fld_direccionSegunGestor__c", "DQ_fld_temporalidad__c", "DQ_fld_fechaIniCie__c", "DQ_fld_fechaFinCie__c", "DQ_fld_dirTelefono__c", "DQ_fld_dirProvincia__c", "DQ_fld_web__c", "DQ_fld_festivoSemanal__c", "DQ_fld_horarioApertura__c", "DQ_fld_comentarios__c", "DQ_fld_email__c", "DQ_fld_isRecurrencyPlanned__c", "DQ_fld_desarrolloDesde__c", "DQ_fld_desarrolloHasta__c", "DQ_fld_desarrollo__c", "DQ_fld_bloqueado__c","Henry_fld_motivoCierreVisitaRec__c","Henry_fld_facebook__c", "Henry_fld_twitter__c", "Henry_fld_instagram__c", "Henry_fld_gmb__c", "DQ_fld_tipoTemporalidad__c", "DQ_fld_cadena__c", "Henry_fld_habilitadoParaTelematicas__c","Henry_fld_motivoCierreVisitaVir__c"],
        "mergeMode": "OVERWRITE"
      }
    },
    {
      "syncName": "syncDownVersions",
      "syncType": "syncDown",
      "soupName": "versions",
      "target": {
        "type": "soql",
        "query": "SELECT Id, Henry_fld_activa__c, Henry_fld_descripciondelaversion__c, Henry_fld_version__c, Henry_fld_disponible__c  FROM Henry_obj_version__c LIMIT 10000"
      },
      "options": {
        "mergeMode": "OVERWRITE"
      }
    },
    {
      "syncName": "syncDownContacts",
      "syncType": "syncDown",
      "soupName": "contacts",
      "target": {
        "type": "soql",
        "query": "SELECT Id, AccountId, FirstName, LastName, Email, Henry_fld_cargo__c, Phone, MobilePhone, Receptor_de_email__c, Henry_fld_otroCargo__c, Henry_fld_telefono2__c, Henry_fld_telefono3__c, Henry_fld_telefono4__c, Henry_fld_telefono5__c, Henry_fld_fechaAlta__c FROM Contact LIMIT 10000"
      },
      "options": {
        "mergeMode": "OVERWRITE"
      }
    },
    {
      "syncName": "syncUpContacts",
      "syncType": "syncUp",
      "soupName": "contacts",
      "target": {
        "createFieldlist": ["AccountId", "FirstName", "LastName", "Email", "Henry_fld_cargo__c", "Phone", "MobilePhone", "Receptor_de_email__c", "Henry_fld_otroCargo__c", "Henry_fld_telefono2__c", "Henry_fld_telefono3__c", "Henry_fld_telefono4__c", "Henry_fld_telefono5__c", "Henry_fld_fechaAlta__c"]
      },
      "options": {
        "fieldlist": ["AccountId", "FirstName", "LastName", "Email", "Henry_fld_cargo__c", "Phone", "MobilePhone", "Receptor_de_email__c", "Henry_fld_otroCargo__c", "Henry_fld_telefono2__c", "Henry_fld_telefono3__c", "Henry_fld_telefono4__c", "Henry_fld_telefono5__c"],
        "mergeMode": "OVERWRITE"
      }
    },
    {
      "syncName": "syncUpSurtido",
      "syncType": "syncUp",
      "soupName": "surtido",
      "target": {
        "createFieldlist": ["Name"]
      },
      "options": {
        "fieldlist": ["Id", "Name"],
        "mergeMode": "LEAVE_IF_CHANGED"
      }
    },
    {
      "syncName": "syncDownRelacionPdVDistribuidores",
      "syncType": "syncDown",
      "soupName": "distribuidores",
      "target": {
        "type": "soql",
        "query": "SELECT Id, Nat_fld_disNautilus__c, DQ_fld_nombreDistribuidor__c, DQ_fld_distribuidor__c, DQ_fld_pdv__c, DQ_fld_preferente__c, DQ_fld_disId__c FROM DQ_obj_relPdvDis__c LIMIT 10000"
      },
      "options": {
        "mergeMode": "OVERWRITE"
      }
    },
    {
      "syncName": "syncDownRelacionPdVDistribuidoresGCC",
      "syncType": "syncDown",
      "soupName": "distribuidores",
      "target": {
        "type": "soql",
        "query": "SELECT Id, DQ_fld_nombreDistribuidor__c, DQ_fld_distribuidor__c, DQ_fld_pdv__c, DQ_fld_preferente__c, DQ_fld_disId__c FROM DQ_obj_relPdvDis__c where DQ_fld_frente__c IN ('KM','CB'))) LIMIT 10000"
      },
      "options": {
        "mergeMode": "OVERWRITE"
      }
    },
    {
      "syncName": "syncDownRelacionPdVDistribuidoresPro",
      "syncType": "syncDown",
      "soupName": "distribuidores",
      "target": {
        "type": "soql",
        "query": "SELECT Id, DQ_fld_nombreDistribuidor__c, DQ_fld_distribuidor__c, DQ_fld_pdv__c, DQ_fld_preferente__c, DQ_fld_disId__c FROM DQ_obj_relPdvDis__c WHERE (DQ_fld_pdv__c IN (Select Id from Account WHERE ((RecordType.DeveloperName = 'DQ_rt_pdv' AND (DQ_fld_desarrollo__c = true)) or RecordType.DeveloperName = 'DQ_rt_distribuidor'))) LIMIT 10000"
      },
      "options": {
        "mergeMode": "OVERWRITE"
      }
    },
    {
      "syncName": "syncUpRelaciónPdVDistribuidores",
      "syncType": "syncUp",
      "soupName": "distribuidores",
      "target": {
        "createFieldlist": ["Id", "Preferente__c"]
      },
      "options": {
        "fieldlist": ["Id", "Preferente__c"],
        "mergeMode": "LEAVE_IF_CHANGED"
      }
    },
    {
      "syncName": "syncDownPromociones",
      "syncType": "syncDown",
      "soupName": "promociones",
      "target": {
        "type": "soql",
        "query": "SELECT Id, Canal_Horeca__c, Coste_Unitario__c, Cupo_Gastado__c, Desde__c, DT__c, Empresa_Responsable__c, Estado__c, Frente__c, Hasta__c, Instrucciones_de_ubicacion__c, Marca__c, Mecanica_Observaciones__c, Numero_Bajadas_DT__c, Objetivo__c, Perfil_Hostelero__c, Requiere_Implementacion__c, Tipo_de_Envase__c, Tipologia__c, Total_Cupo__c, Total_Cupo_Asignado__c, Total_Cupo_no_Asignado__c, Maximo_por_PDV__c, Name, Henry_fld_maximoUnidSecundario__c, Henry_fld_medalla__c FROM Ficha_Promocional__c LIMIT 10000"
      },
      "options": {
        "mergeMode": "OVERWRITE"
      }
    },
    {
      "syncName": "syncUpPromociones",
      "syncType": "syncUp",
      "soupName": "promociones",
      "target": {
        "createFieldlist": ["Canal__c", "Coste_Unitario__c", "Cupo_Gastado__c", "Desde__c", "DT__c", "Empresa_Responsable__c", "Estado__c", "Frente__c", "Hasta__c", "Instrucciones_de_ubicacion__c", "Marca__c", "Mecanica_Observaciones__c", "Numero_Bajadas_DT__c", "Objetivo__c", "Perfil_Hostelero__c", "Requiere_Implementacion__c", "Tipo_de_Envase__c", "Tipologia__c", "Total_Cupo__c", "Total_Cupo_Asignado__c", "Total_Cupo_no_Asignado__c", "Maximo_por_PDV__c", "Name", "Ficha_Promocional__c"]
      },
      "options": {
        "fieldlist": ["Id", "Canal__c", "Coste_Unitario__c", "Cupo_Gastado__c", "Desde__c", "DT__c", "Empresa_Responsable__c", "Estado__c", "Frente__c", "Hasta__c", "Instrucciones_de_ubicacion__c", "Marca__c", "Mecanica_Observaciones__c", "Numero_Bajadas_DT__c", "Objetivo__c", "Perfil_Hostelero__c", "Requiere_Implementacion__c", "Tipo_de_Envase__c", "Tipologia__c", "Total_Cupo__c", "Total_Cupo_Asignado__c", "Total_Cupo_no_Asignado__c", "Maximo_por_PDV__c", "Name"],
        "mergeMode": "LEAVE_IF_CHANGED"
      }
    },
    {
      "syncName": "syncDownDetallesCupo",
      "syncType": "syncDown",
      "soupName": "detallesCupo",
      "target": {
        "type": "soql",
        "query": "SELECT Id, Ficha_Promocional__c, Cupo_Asignado__c FROM Detalle_Cupo__c LIMIT 10000"
      },
      "options": {
        "mergeMode": "OVERWRITE"
      }
    },
    {
      "syncName": "syncUpDetallesCupo",
      "syncType": "syncUp",
      "soupName": "detallesCupo",
      "target": {
        "createFieldlist": ["Cuenta__c", "Cupo_Asignado__c", "Cupo_SAP__c", "Detalle_Cupo_DT__c", "Cupo_Disponible__c", "DT__c", "Ficha_Promocional__c", "Cupo_Gastado__c", "Identificador_Cupos__c", "Cupo_Implementado__c", "Cupo_Reservado__c", "Usuario__c", "Usuario_Cuenta__c", "Name"]
      },
      "options": {
        "fieldlist": ["Id", "Cuenta__c", "Cupo_Asignado__c", "Cupo_SAP__c", "Detalle_Cupo_DT__c", "Cupo_Disponible__c", "DT__c", "Ficha_Promocional__c", "Cupo_Gastado__c", "Identificador_Cupos__c", "Cupo_Implementado__c", "Cupo_Reservado__c", "Usuario__c", "Usuario_Cuenta__c", "Name"],
        "mergeMode": "LEAVE_IF_CHANGED"
      }
    },
    {
      "syncName": "syncDownImplementaciones",
      "syncType": "syncDown",
      "soupName": "implementaciones",
      "target": {
        "type": "soql",
        "query": "SELECT Id, HENRY_fld_cuenta__c, HENRY_fld_fichaPromocional__c, HENRY_fld_cupoImplementado__c, Henry_fld_costeImplementacion__c, Coste_Unitario__c, Henry_fld_cupoDisponible__c, HENRY_fld_cupoSolicitado__c, HENRY_fld_estado__c, HENRY_fld_fecha__c, HENRY_fld_instruccionesDeUbicacion__c, HENRY_fld_mecanicaDeObservaciones__c, Henry_fld_pegatina__c, Henry_fld_actividad__c, Henry_fld_codigoODSRefrival__c, Henry_fld_codigoPedido__c, Henry_fld_fechaRealDeEntrega__c, Henry_fld_fechaDeEntrega__c, Henry_fld_fechaDeCreacion__c, Henry_fld_estadoEntrega__c, Henry_fld_proyecto__c, Henry_fld_contactDiaAnt__c FROM HENRY_obj_implementacion__c LIMIT 10000"
      },
      "options": {
        "mergeMode": "OVERWRITE"
      }
    },
    {
      "syncName": "syncUpImplementacionesCreate",
      "syncType": "syncUp",
      "soupName": "implementaciones",
      "target": {
        "createFieldlist": ["HENRY_fld_cuenta__c", "HENRY_fld_fichaPromocional__c", "HENRY_fld_cupoImplementado__c", "Henry_fld_costeImplementacion__c", "Coste_Unitario__c", "Henry_fld_cupoDisponible__c", "HENRY_fld_cupoSolicitado__c", "HENRY_fld_estado__c", "HENRY_fld_fecha__c", "HENRY_fld_instruccionesDeUbicacion__c", "HENRY_fld_mecanicaDeObservaciones__c", "Henry_fld_pegatina__c", "Henry_fld_actividad__c", "Henry_fld_codigoODSRefrival__c", "Henry_fld_codigoPedido__c"]
      },
      "options": {
        "fieldlist": ["Id", "Henry_fld_cuenta__c", "Henry_fld_fichaPromocional__c", "Henry_fld_cupoImplementado__c", "Henry_fld_cupoSolicitado__c", "Henry_fld_estado__c", "Henry_fld_fecha__c", "Henry_fld_instruccionesDeUbicacion__c", "Henry_fld_mecanicaDeObservaciones__c"],
        "mergeMode": "LEAVE_IF_CHANGED"
      }
    },
    {
      "syncName": "syncUpImplementacionesModify",
      "syncType": "syncUp",
      "soupName": "implementaciones",
      "target": {
        "createFieldlist": ["HENRY_fld_cuenta__c", "HENRY_fld_fichaPromocional__c", "HENRY_fld_cupoImplementado__c", "Henry_fld_costeImplementacion__c", "Coste_Unitario__c", "Henry_fld_cupoDisponible__c", "HENRY_fld_cupoSolicitado__c", "HENRY_fld_estado__c", "HENRY_fld_fecha__c", "HENRY_fld_instruccionesDeUbicacion__c", "HENRY_fld_mecanicaDeObservaciones__c", "Henry_fld_pegatina__c", "Henry_fld_actividad__c", "Henry_fld_codigoODSRefrival__c", "Henry_fld_codigoPedido__c"]
      },
      "options": {
        "fieldlist": ["Id", "Henry_fld_cuenta__c", "Henry_fld_fichaPromocional__c", "Henry_fld_cupoImplementado__c", "Henry_fld_cupoSolicitado__c", "Henry_fld_estado__c", "Henry_fld_fecha__c", "Henry_fld_instruccionesDeUbicacion__c", "Henry_fld_mecanicaDeObservaciones__c"],
        "mergeMode": "LEAVE_IF_CHANGED"
      }
    },
    {
      "syncName": "syncDownEvents",
      "syncType": "syncDown",
      "soupName": "eventos",
      "target": {
        "type": "soql",
        "query": "SELECT Id, ActivityDate, StartDateTime, EndDateTime, Henry_fld_estado__c, Subject, RecordTypeId, Description, Henry_fld_cuenta__c, Henry_fld_gestorComercial__c, Henry_fld_participantes__c, Henry_fld_fechaProximaVisita__c, Henry_fld_comentarioProximaVisita__c, Henry_fld_codigoPostal__c, Henry_fld_direccion__c, Henry_fld_nombrePdv__c, Henry_fld_distribuidor__c, Henry_fld_clientesCompetencia__c, Henry_fld_clientesPropios__c, Henry_fld_clientesVisitados__c, Henry_fld_conclusionesMercado__c, Henry_fld_conclusionesPreventa__c, Henry_fld_comentario__c, Henry_fld_nif__c, Henry_fld_objetivos__c, Henry_fld_tipoDeVisita__c, Henry_fld_resultados__c, Henry_fld_tipoDeVisita2__c, Henry_fld_objetivostxt__c, Henry_fld_resultadostxt__c, Henry_fld_fechaHoraCierre__c, Henry_fld_notas__c, Henry_fld_preventa__c, Henry_fld_preventaSegunGestor__c, OwnerId, Henry_fld_idHenry__c, Henry_fld_visitaCritica__c, Henry_fld_descActOtros__c FROM Event LIMIT 10000"
      },
      "options": {
        "mergeMode": "OVERWRITE"
      }
    },
    {
      "syncName": "syncUpEvents",
      "syncType": "syncUp",
      "soupName": "eventos",
      "target": {
        "createFieldlist": ["Id", "StartDateTime", "EndDateTime", "Subject", "RecordTypeId", "Description", "Henry_fld_cuenta__c", "Henry_fld_gestorComercial__c", "Henry_fld_participantes__c", "Henry_fld_estado__c", "Henry_fld_fechaProximaVisita__c", "Henry_fld_comentarioProximaVisita__c", "Henry_fld_codigoPostal__c", "Henry_fld_direccion__c", "Henry_fld_nombrePdv__c", "Henry_fld_distribuidor__c", "Henry_fld_clientesCompetencia__c", "Henry_fld_clientesPropios__c", "Henry_fld_clientesVisitados__c", "Henry_fld_conclusionesMercado__c", "Henry_fld_conclusionesPreventa__c", "Henry_fld_comentario__c", "Henry_fld_nif__c", "Henry_fld_objetivos__c", "Henry_fld_tipoDeVisita__c", "Henry_fld_resultados__c", "Henry_fld_tipoDeVisita2__c", "Henry_fld_objetivostxt__c", "Henry_fld_resultadostxt__c", "Henry_fld_fechaHoraCierre__c", "Henry_fld_notas__c", "Henry_fld_preventa__c", "Henry_fld_preventaSegunGestor__c", "OwnerId", "Henry_fld_idHenry__c", "Henry_fld_visitaCritica__c", "Henry_fld_descActOtros__c"]
      },
      "options": {
        "fieldlist": ["Id", "StartDateTime", "EndDateTime", "Subject", "RecordTypeId", "Description", "Henry_fld_cuenta__c", "Henry_fld_gestorComercial__c", "Henry_fld_participantes__c", "Henry_fld_estado__c", "Henry_fld_fechaProximaVisita__c", "Henry_fld_comentarioProximaVisita__c", "Henry_fld_codigoPostal__c", "Henry_fld_direccion__c", "Henry_fld_nombrePdv__c", "Henry_fld_distribuidor__c", "Henry_fld_clientesCompetencia__c", "Henry_fld_clientesPropios__c", "Henry_fld_clientesVisitados__c", "Henry_fld_conclusionesMercado__c", "Henry_fld_conclusionesPreventa__c", "Henry_fld_comentario__c", "Henry_fld_nif__c", "Henry_fld_objetivos__c", "Henry_fld_tipoDeVisita__c", "Henry_fld_resultados__c", "Henry_fld_tipoDeVisita2__c", "Henry_fld_objetivostxt__c", "Henry_fld_resultadostxt__c", "Henry_fld_fechaHoraCierre__c", "Henry_fld_notas__c", "Henry_fld_preventa__c", "Henry_fld_preventaSegunGestor__c", "OwnerId", "Henry_fld_idHenry__c", "Henry_fld_visitaCritica__c", "Henry_fld_descActOtros__c"],
        "mergeMode": "LEAVE_IF_CHANGED"
      }
    },
    {
      "syncName": "syncDownRecordType",
      "syncType": "syncDown",
      "soupName": "recordType",
      "target": {
        "type": "soql",
        "query": "SELECT Id, Name, DeveloperName, SobjectType, Description FROM RecordType LIMIT 10000"
      },
      "options": {
        "mergeMode": "OVERWRITE"
      }
    },
    {
      "syncName": "syncUpRecordType",
      "syncType": "syncUp",
      "soupName": "recordType",
      "target": {
        "createFieldlist": ["Name", "DeveloperName", "SobjectType", "Description"]
      },
      "options": {
        "fieldlist": ["Id", "Name", "DeveloperName", "SobjectType", "Description"],
        "mergeMode": "LEAVE_IF_CHANGED"
      }
    },
    {
      "syncName": "syncDownUser",
      "syncType": "syncDown",
      "soupName": "user",
      "target": {
        "type": "soql",
        "query": "SELECT Id, Name, FirstName, LastName, Email, Username, ProfileId, UserRoleId, DT__c, Version__c, Henry_fld_fechaHoraUltimaSincronizacion__c, Henry_fld_fechaHoraUltSincroCompleta__c, Henry_fld_gestorPromotor__c, DQ_fld_aliasIdExt__c, Henry_fld_nombreRefrival__c, MobilePhone, Division, Henry_fld_zonaDTRefrivalAM__c, Henry_fld_codigoDTRefrivalAM__c, ManagerId, DQ_fld_Promotor__c, Henry_fld_codigoDTRefrivalMPyDD__c, Henry_fld_zonaDTRefrivalMPyDD__c, Alias FROM User LIMIT 10000"
      },
      "options": {
        "mergeMode": "OVERWRITE"
      }
    },
    {
      "syncName": "syncUpUser",
      "syncType": "syncUp",
      "soupName": "user",
      "target": {
        "createFieldlist": ["Version__c"]
      },
      "options": {
        "fieldlist": ["Version__c"],
        "mergeMode": "LEAVE_IF_CHANGED"
      }
    },
    {
      "syncName": "syncDownUserRole",
      "syncType": "syncDown",
      "soupName": "userRole",
      "target": {
        "type": "soql",
        "query": "SELECT Id, Name, DeveloperName, ParentRoleId FROM User LIMIT 10000"
      },
      "options": {
        "mergeMode": "OVERWRITE"
      }
    },
    {
      "syncName": "syncUpUserRole",
      "syncType": "syncUp",
      "soupName": "userRole",
      "target": {
        "createFieldlist": ["Id", "Name", "DeveloperName", "ParentRoleId"]
      },
      "options": {
        "fieldlist": ["Id", "Name", "DeveloperName", "ParentRoleId"],
        "mergeMode": "LEAVE_IF_CHANGED"
      }
    },
    {
      "syncName": "syncDownProfile",
      "syncType": "syncDown",
      "soupName": "profile",
      "target": {
        "type": "soql",
        "query": "SELECT Id, Name FROM Profile LIMIT 10000"
      },
      "options": {
        "mergeMode": "OVERWRITE"
      }
    },
    {
      "syncName": "syncUpProfile",
      "syncType": "syncUp",
      "soupName": "profile",
      "target": {
        "createFieldlist": ["Id", "Name"]
      },
      "options": {
        "fieldlist": ["Id", "Name"],
        "mergeMode": "LEAVE_IF_CHANGED"
      }
    },
    {
      "syncName": "syncDownAvisos",
      "syncType": "syncDown",
      "soupName": "avisos",
      "target": {
        "type": "soql",
        "query": "SELECT Id, Henry_fld_comentario__c, Henry_fld_fechaFin__c, Henry_fld_fechaInicio__c, Name, Henry_fld_pdv__c, Henry_fld_prioridad__c, Henry_fld_tipo__c, Henry_fld_seleccionarRespuesta__c, Henry_fld_notificacion__c, Henry_fld_objetivo__c, Henry_fld_alertaActiva__c, Henry_fld_idVisita__c,Henry_fld_Comentariorechazo__c FROM Henry_obj_alertas__c WHERE Henry_fld_fechaInicio__c <= TODAY AND Henry_fld_fechaFin__c >= TODAY LIMIT 10000"
      },
      "options": {
        "mergeMode": "OVERWRITE"

      }
    },
    {
      "syncName": "syncUpAvisos",
      "syncType": "syncUp",
      "soupName": "avisos",
      "target": {
        "createFieldlist": ["Id", "Henry_fld_seleccionarRespuesta__c", "Henry_fld_idVisita__c", "Henry_fld_alertaActiva__c", "Henry_fld_Comentariorechazo__c"]
      },
      "options": {
        "fieldlist": ["Id", "Henry_fld_seleccionarRespuesta__c"],
        "mergeMode": "LEAVE_IF_CHANGED"
      }
    },
    {
      "syncName": "syncDownPuntosDia",
      "syncType": "syncDown",
      "soupName": "puntosDia",
      "target": {
        "type": "soql",
        "query": "SELECT Id, Name, Punto_del_dia__c, Evaluacion__c FROM Punto_del_dia_propuesto_visita__c LIMIT 10000"
      },
      "options": {
        "mergeMode": "OVERWRITE"
      }
    },
    {
      "syncName": "syncUpPuntosDia",
      "syncType": "syncUp",
      "soupName": "puntosDia",
      "target": {
        "createFieldlist": ["Id", "Name", "Punto_del_dia__c", "Evaluacion__c"]
      },
      "options": {
        "fieldlist": ["Id", "Name", "Punto_del_dia__c", "Evaluacion__c"],
        "mergeMode": "LEAVE_IF_CHANGED"
      }
    },
    {
      "syncName": "syncDownPuntosEspecificos",
      "syncType": "syncDown",
      "soupName": "puntosEspecificos",
      "target": {
        "type": "soql",
        "query": "SELECT Id, Name, Cuestion__c, Evaluacion__c FROM Punto_reunion_especifico_visita__c LIMIT 10000"
      },
      "options": {
        "mergeMode": "OVERWRITE"
      }
    },
    {
      "syncName": "syncUpPuntosEspecificos",
      "syncType": "syncUp",
      "soupName": "puntosEspecificos",
      "target": {
        "createFieldlist": ["Id", "Name", "Cuestion__c", "Evaluacion__c"]
      },
      "options": {
        "fieldlist": ["Id", "Name", "Cuestion__c", "Evaluacion__c"],
        "mergeMode": "LEAVE_IF_CHANGED"
      }
    },
    {
      "syncName": "syncDownPlanMes",
      "syncType": "syncDown",
      "soupName": "planMes",
      "target": {
        "type": "soql",
        "query": "SELECT Id, Name, Descripcion_del_plan__c FROM Plan_operativo_del_mes_visita__c LIMIT 10000"
      },
      "options": {
        "mergeMode": "OVERWRITE"
      }
    },
    {
      "syncName": "syncUpPlanMes",
      "syncType": "syncUp",
      "soupName": "planMes",
      "target": {
        "createFieldlist": ["Id", "Name", "Descripcion_del_plan__c"]
      },
      "options": {
        "fieldlist": ["Id", "Name", "Descripcion_del_plan__c"],
        "mergeMode": "LEAVE_IF_CHANGED"
      }
    },
    {
      "syncName": "syncDownResultadoVisita",
      "syncType": "syncDown",
      "soupName": "resultadosVisita",
      "target": {
        "type": "soql",
        "query": "SELECT Id, Name, Accion_de_mejora__c, Causa__c, Desviacion__c FROM Resultado_visita__c LIMIT 10000"
      },
      "options": {
        "mergeMode": "OVERWRITE"
      }
    },
    {
      "syncName": "syncUpResultadoVisita",
      "syncType": "syncUp",
      "soupName": "resultadosVisita",
      "target": {
        "createFieldlist": ["Name", "Accion_de_mejora__c", "Causa__c", "Desviacion__c"]
      },
      "options": {
        "fieldlist": ["Name", "Accion_de_mejora__c", "Causa__c", "Desviacion__c"],
        "mergeMode": "LEAVE_IF_CHANGED"
      }
    },
    {
      "syncName": "syncDownDetallePuntosDia",
      "syncType": "syncDown",
      "soupName": "detallePuntosDia",
      "target": {
        "type": "soql",
        "query": "SELECT Id, Punto_del_dia__c, Evaluacion__c FROM Detalle_Punto_del_dia_propuesto__c LIMIT 10000"
      },
      "options": {
        "mergeMode": "OVERWRITE"
      }
    },
    {
      "syncName": "syncDownComosEvidenciasRead",
      "syncType": "syncDown",
      "soupName": "comosEvidenciasRead",
      "target": {
        "type": "soql",
        "query": "SELECT Id, Tipo__c, Descripcion__c, RecordTypeId FROM Detalle_Formulario_Salida_Acompanamiento__c LIMIT 10000"
      },
      "options": {
        "mergeMode": "OVERWRITE"
      }
    },
    {
      "syncName": "syncDownComosEvidenciasWrite",
      "syncType": "syncDown",
      "soupName": "comosEvidenciasWrite",
      "target": {
        "type": "soql",
        "query": "SELECT Id, Name, Tipo__c, Descripcion__c, Respuesta__c FROM Formulario_Salida_Acompanamiento__c LIMIT 10000"
      },
      "options": {
        "mergeMode": "OVERWRITE"
      }
    },
    {
      "syncName": "syncDownValoracionVisita",
      "syncType": "syncDown",
      "soupName": "valoracionVisitas",
      "target": {
        "type": "soql",
        "query": "SELECT Id, Name, RecordTypeId, Punto_a_trabajar_pasos_de_la_visita__c, Punto_fuerte_pasos_de_la_visita__c FROM Valoracion_visita__c LIMIT 10000"
      },
      "options": {
        "mergeMode": "OVERWRITE"
      }
    },
    {
      "syncName": "syncUpValoracionVisita",
      "syncType": "syncUp",
      "soupName": "valoracionVisitas",
      "target": {
        "createFieldlist": ["Name", "RecordTypeId", "Formacion_Accion_puesto_trabajo__c", "Acompanamiento_otro_roles__c", "Formacion_Escuela_Ventas__c", "RecordTypeId"]
      },
      "options": {
        "fieldlist": ["Name", "RecordTypeId", "Formacion_Accion_puesto_trabajo__c", "Acompanamiento_otro_roles__c", "Formacion_Escuela_Ventas__c", "RecordTypeId"],
        "mergeMode": "LEAVE_IF_CHANGED"
      }
    },
    {
      "syncName": "syncDownPlanDeAccionVisita",
      "syncType": "syncDown",
      "soupName": "planAccionVisitas",
      "target": {
        "type": "soql",
        "query": "SELECT Id, Name, Formacion_Accion_puesto_trabajo__c, Acompanamiento_otro_roles__c, Formacion_Escuela_Ventas__c, RecordTypeId FROM Plan_de_accion_visita__c LIMIT 10000"
      },
      "options": {
        "mergeMode": "OVERWRITE"
      }
    },
    {
      "syncName": "syncUpPlanDeAccionVisita",
      "syncType": "syncUp",
      "soupName": "planAccionVisitas",
      "target": {
        "createFieldlist": ["Name", "Formacion_Accion_puesto_trabajo__c", "Acompanamiento_otro_roles__c", "Formacion_Escuela_Ventas__c", "RecordTypeId"]
      },
      "options": {
        "fieldlist": ["Name", "Formacion_Accion_puesto_trabajo__c", "Acompanamiento_otro_roles__c", "Formacion_Escuela_Ventas__c", "RecordTypeId"],
        "mergeMode": "LEAVE_IF_CHANGED"
      }
    },
    {
      "syncName": "syncDownObjetivos",
      "syncType": "syncDown",
      "soupName": "objetivos",
      "target": {
        "type": "soql",
        "query": "SELECT Id, Name, Henry_fld_objetivo__c, Henry_fld_comentarioObjetivo__c, Henry_fld_tipoDeVisita__c, Henry_fld_referencias__c, Henry_fld_frente__c, Henry_fld_fechaDeCreacion__c, Henry_fld_fechaDeCierre__c, Henry_fld_estado__c, Henry_fld_account__c, Henry_fld_idHenry__c, Henry_fld_idVisita__c FROM Henry_obj_objetivos__c LIMIT 10000"
      },
      "options": {
        "mergeMode": "OVERWRITE"
      }
    },
    {
      "syncName": "syncUpObjetivos",
      "syncType": "syncUp",
      "soupName": "objetivos",
      "target": {
        "createFieldlist": ["Name", "Henry_fld_objetivo__c", "Henry_fld_comentarioObjetivo__c", "Henry_fld_tipoDeVisita__C", "Henry_fld_referencias__c", "Henry_fld_frente__c", "Henry_fld_fechaDeCreacion__c", "Henry_fld_fechaDeCierre__c", "Henry_fld_estado__c", "Henry_fld_account__c", "Henry_fld_idHenry__c", "Henry_fld_idVisita__c"]
      },
      "options": {
        "fieldlist": ["Name", "Henry_fld_objetivo__c", "Henry_fld_comentarioObjetivo__c", "Henry_fld_tipoDeVisita__C", "Henry_fld_referencias__c", "Henry_fld_frente__c", "Henry_fld_fechaDeCreacion__c", "Henry_fld_fechaDeCierre__c", "Henry_fld_estado__c", "Henry_fld_account__c", "Henry_fld_idHenry__c", "Henry_fld_idVisita__c"],
        "mergeMode": "LEAVE_IF_CHANGED"
      }
    },
    {
      "syncName": "syncDownResultados",
      "syncType": "syncDown",
      "soupName": "resultados",
      "target": {
        "type": "soql",
        "query": "SELECT Id, Name, Henry_fld_objetivo__c, Henry_fld_objetivos__c, Henry_fld_resultado__c,  Henry_fld_comentarioResultado__c, Henry_fld_respuestaDelResultado__c,  Henry_fld_tipoDeVisita__c, Henry_fld_frente__c, Henry_fld_idHenry__c, Henry_fld_idVisita__c FROM Henry_obj_resultados__c LIMIT 10000"
      },
      "options": {
        "mergeMode": "OVERWRITE"
      }
    },
    {
      "syncName": "syncUpResultadosCreate",
      "syncType": "syncUp",
      "soupName": "resultados",
      "target": {
        "createFieldlist": ["Name", "Henry_fld_objetivo__c", "Henry_fld_objetivos__c", "Henry_fld_resultado__c", "Henry_fld_comentarioResultado__c", "Henry_fld_respuestaDelResultado__c", "Henry_fld_tipoDeVisita__c", "Henry_fld_frente__c", "Henry_fld_idHenry__c", "Henry_fld_idVisita__c"]
      },
      "options": {
        "fieldlist": ["Name", "Henry_fld_objetivo__c", "Henry_fld_objetivos__c", "Henry_fld_resultado__c", "Henry_fld_comentarioResultado__c", "Henry_fld_respuestaDelResultado__c", "Henry_fld_tipoDeVisita__c", "Henry_fld_frente__c", "Henry_fld_idHenry__c", "Henry_fld_idVisita__c"],
        "mergeMode": "LEAVE_IF_CHANGED"
      }
    },
    {
      "syncName": "syncUpResultadosModify",
      "syncType": "syncUp",
      "soupName": "resultados",
      "target": {
        "createFieldlist": ["Name", "Henry_fld_objetivos__c", "Henry_fld_resultado__c", "Henry_fld_comentarioResultado__c", "Henry_fld_respuestaDelResultado__c", "Henry_fld_tipoDeVisita__c", "Henry_fld_frente__c"]
      },
      "options": {
        "fieldlist": ["Name", "Henry_fld_objetivos__c", "Henry_fld_resultado__c", "Henry_fld_comentarioResultado__c", "Henry_fld_respuestaDelResultado__c", "Henry_fld_tipoDeVisita__c", "Henry_fld_frente__c"],
        "mergeMode": "LEAVE_IF_CHANGED"
      }
    },
    {
      "syncName": "syncDownWall",
      "syncType": "syncDown",
      "soupName": "wall",
      "target": {
        "type": "soql",
        "query": "SELECT Asunto__c, Henry_fld_cuenta__c, Descripcion__c, Destinatario__c, Fecha_Hora__c, Id, Name, OwnerId, Remitente__c, CreatedDate FROM Muro__c LIMIT 10000"
      },
      "options": {
        "mergeMode": "OVERWRITE"
      }
    },
    {
      "syncName": "syncDownPlanDeAcciones",
      "syncType": "syncDown",
      "soupName": "planDeAcciones",
      "target": {
        "type": "soql",
        "query": "SELECT Henry_fld_comentario__c, Henry_fld_comoHacer__c, Henry_fld_cualSituacion__c, Henry_fld_descripcion__c, Henry_fld_diagnosticoSituacion__c, Henry_fld_distribuidor__c, Henry_fld_estado__c, Henry_fld_fin__c, Henry_fld_gestor__c, Id, Henry_fld_inicio__c, Name, Henry_fld_numeroOperacion__c, Henry_fld_objetivo__c, OwnerId, Henry_fld_queHacer__c, Henry_fld_tipo__c, Henry_fld_email__c, Henry_fld_estadodeenvio__c, Henry_fld_fechaultimoenvio__c FROM Henry_obj_planDeAccion__c LIMIT 10000"
      },
      "options": {
        "mergeMode": "OVERWRITE"
      }
    },
    {
      "syncName": "syncUpPlanDeAcciones",
      "syncType": "syncUp",
      "soupName": "planDeAcciones",
      "target": {
        "createFieldlist": ["Henry_fld_comentario__c", "Henry_fld_comoHacer__c", "Henry_fld_cualSituacion__c", "Henry_fld_descripcion__c", "Henry_fld_diagnosticoSituacion__c", "Henry_fld_distribuidor__c", "Henry_fld_estado__c", "Henry_fld_fin__c", "Henry_fld_gestor__c", "Henry_fld_inicio__c", "Name", "Henry_fld_numeroOperacion__c", "Henry_fld_objetivo__c", "Henry_fld_queHacer__c", "Henry_fld_tipo__c", "Henry_fld_email__c", "Henry_fld_estadodeenvio__c", "Henry_fld_fechaultimoenvio__c"]
      },
      "options": {
        "fieldlist": ["Henry_fld_comentario__c", "Henry_fld_comoHacer__c", "Henry_fld_cualSituacion__c", "Henry_fld_descripcion__c", "Henry_fld_diagnosticoSituacion__c", "Henry_fld_distribuidor__c", "Henry_fld_estado__c", "Henry_fld_fin__c", "Henry_fld_gestor__c", "Henry_fld_inicio__c", "Name", "Henry_fld_numeroOperacion__c", "Henry_fld_objetivo__c", "Henry_fld_queHacer__c", "Henry_fld_tipo__c", "Henry_fld_email__c", "Henry_fld_estadodeenvio__c", "Henry_fld_fechaultimoenvio__c"],
        "mergeMode": "LEAVE_IF_CHANGED"
      }
    },
    {
      "syncName": "syncDownSeguimiento",
      "syncType": "syncDown",
      "soupName": "planAccionesSeguimiento",
      "target": {
        "type": "soql",
        "query": "SELECT Fecha__c, Finalizado__c, Id, Plan_de_Accion__c, Resultado__c from Seguimiento__c LIMIT 10000"
      },
      "options": {
        "mergeMode": "OVERWRITE"
      }
    },
    {
      "syncName": "syncUpSeguimiento",
      "syncType": "syncUp",
      "soupName": "planAccionesSeguimiento",
      "target": {
        "createFieldlist": ["Fecha__c", "Finalizado__c", "Plan_de_Accion__c", "Resultado__c"]
      },
      "options": {
        "fieldlist": ["Fecha__c", "Finalizado__c", "Plan_de_Accion__c", "Resultado__c"],
        "mergeMode": "OVERWRITE"
      }
    },
    {
      "syncName": "syncUpWall",
      "syncType": "syncUp",
      "soupName": "wall",
      "target": {
        "createFieldlist": ["Asunto__c", "Henry_fld_cuenta__c", "Descripcion__c", "Destinatario__c", "Fecha_Hora__c", "Name", "OwnerId", "Remitente__c"]
      },
      "options": {
        "fieldlist": ["Asunto__c", "Henry_fld_cuenta__c", "Descripcion__c", "Destinatario__c", "Fecha_Hora__c", "Name", "OwnerId", "Remitente__c"],
        "mergeMode": "LEAVE_IF_CHANGED"
      }
    },
    {
      "syncName": "syncUpActivityLongTexts",
      "syncType": "syncUp",
      "soupName": "activityLongTexts",
      "target": {
        "createFieldlist": ["Name", "Otros_Temas_a_Tratar__c"]
      },
      "options": {
        "fieldlist": ["Name", "Otros_Temas_a_Tratar__c"],
        "mergeMode": "LEAVE_IF_CHANGED"
      }
    },
    {
      "syncName": "syncDownActivityLongTexts",
      "syncType": "syncDown",
      "soupName": "activityLongTexts",
      "target": {
        "type": "soql",
        "query": "SELECT Id, Name, Otros_Temas_a_Tratar__c FROM Otros_temas_a_tratar_visita__c LIMIT 10000"
      },
      "options": {
        "mergeMode": "OVERWRITE"
      }
    },
    {
      "syncName": "syncUpCondicionesComerciales",
      "syncType": "syncUp",
      "soupName": "condicionesComerciales",
      "target": {
        "createFieldlist": ["Name", "Cuenta__c", "Tipo__c", "Distribuidor__c", "Cc__c", "Tipo_de_Envase__c", "Marca__c", "Material_Descripcion__c", "Descuento_total_euro_litro__c", "Bonificacion_euro_litro__c", "Bonificacion_unitario__c", "Nota_Bonificacion__c", "Amortizacion_AAEE_EURO_LITRO__c", "Promocion__c", "Rappel_euro_litro__c", "Condicion_Rappel__c", "Regalo_unidades__c", "Concepto__c", "Unidades__c", "Coste_unitario_euros__c", "Total_euros__c", "Fecha_inicio__c", "Fecha_fin__c", "Estado_envio__c", "Tipo_de_Envase_Texto__c", "Marca_Texto__c", "Material_Descripcion_Texto__c", "Henry_fld_id_de_envio__c", "Henry_fld_cantidad_de_envio__c", "Henry_fld_rappelfacturacionmensual__c", "Henry_fld_rappelfacturacionbimensual__c", "Henry_fld_rappelfacturaciontrimestral__c", "Henry_fld_rappelfacturacionsemestral__c", "Henry_fld_rappelfacturacionanual__c", "Persona_de_contacto__c", "Razon_social__c"]
      },
      "options": {
        "fieldlist": ["Name", "Cuenta__c", "Tipo__c", "Distribuidor__c", "Cc__c", "Tipo_de_Envase__c", "Marca__c", "Material_Descripcion__c", "Descuento_total_euro_litro__c", "Bonificacion_euro_litro__c", "Bonificacion_unitario__c", "Nota_Bonificacion__c", "Amortizacion_AAEE_EURO_LITRO__c", "Promocion__c", "Rappel_euro_litro__c", "Condicion_Rappel__c", "Regalo_unidades__c", "Concepto__c", "Unidades__c", "Coste_unitario_euros__c", "Total_euros__c", "Fecha_inicio__c", "Fecha_fin__c", "Estado_envio__c", "Tipo_de_Envase_Texto__c", "Marca_Texto__c", "Material_Descripcion_Texto__c", "Henry_fld_id_de_envio__c", "Henry_fld_cantidad_de_envio__c", "Henry_fld_rappelfacturacionmensual__c", "Henry_fld_rappelfacturacionbimensual__c", "Henry_fld_rappelfacturaciontrimestral__c", "Henry_fld_rappelfacturacionsemestral__c", "Henry_fld_rappelfacturacionanual__c", "Persona_de_contacto__c", "Razon_social__c"],
        "mergeMode": "OVERWRITE"
      }
    },
    {
      "syncName": "syncDownCondicionesComerciales",
      "syncType": "syncDown",
      "soupName": "condicionesComerciales",
      "target": {
        "type": "soql",
        "query": "SELECT Id, Name, Cuenta__c, Tipo__c, Distribuidor__c, Cc__c, Tipo_de_Envase__c, Marca__c, Material_Descripcion__c, Descuento_total_euro_litro__c, Bonificacion_euro_litro__c, Bonificacion_unitario__c, Nota_Bonificacion__c, Amortizacion_AAEE_EURO_LITRO__c, Promocion__c, Rappel_euro_litro__c, Condicion_Rappel__c, Regalo_unidades__c, Concepto__c, Unidades__c, Coste_unitario_euros__c, Total_euros__c, Fecha_inicio__c, Fecha_fin__c, Estado_envio__c, Fecha_ultimo_envio__c, Tipo_de_Envase_Texto__c, Marca_Texto__c, Material_Descripcion_Texto__c, Henry_fld_id_de_envio__c, Henry_fld_cantidad_de_envio__c, Henry_fld_rappelfacturacionmensual__c, Henry_fld_rappelfacturacionbimensual__c, Henry_fld_rappelfacturaciontrimestral__c, Henry_fld_rappelfacturacionsemestral__c, Henry_fld_rappelfacturacionanual__c, Persona_de_contacto__c, Razon_social__c FROM Condiciones_comerciales__c LIMIT 10000"
      },
      "options": {
        "mergeMode": "OVERWRITE"
      }
    },
    {
      "syncName": "syncDownDetalleLectura",
      "syncType": "syncDown",
      "soupName": "detalleLectura",
      "target": {
        "type": "soql",
        "query": "SELECT Id, Denominacion__c, Descripcion__c, ID_de_Producto__c, Puntos_del_dia__c, Tipo__c, RecordTypeId FROM Detalle_Formulario_Salida_Acompanamiento__c LIMIT 10000"
      },
      "options": {
        "mergeMode": "OVERWRITE"
      }
    },
    {
      "syncName": "syncUpPosiciones",
      "syncType": "syncUp",
      "soupName": "posiciones",
      "target": {
        "createFieldlist": ["Cantidad__c", "Denominacion__c", "ID_de_producto__c", "Name", "Condicion__c"]
      },
      "options": {
        "fieldlist": ["Cantidad__c", "Denominacion__c", "ID_de_producto__c", "Name", "Condicion__c"],
        "mergeMode": "LEAVE_IF_CHANGED"
      }
    },
    {
      "syncName": "syncDownOrigen",
      "syncType": "syncDown",
      "soupName": "origenes",
      "target": {
        "type": "soql",
        "query": "SELECT Id, DQ_fld_distribuidor__c, DQ_fld_pdv__c, DQ_fld_tipo__c, Name, DQ_fld_dnFechaUltMovimiento__c FROM DQ_obj_origen__c LIMIT 10000"
      },
      "options": {
        "mergeMode": "OVERWRITE"
      }
    },
    {
      "syncName": "syncDownVolumenPotencial",
      "syncType": "syncDown",
      "soupName": "volumenPotencial",
      "target": {
        "type": "soql",
        "query": "SELECT Id, RecordTypeId, DQ_fld_jm__c, DQ_fld_jm2__c, DQ_fld_pdv__c, DQ_fld_tipo__c, DQ_fld_volumen__c FROM DQ_obj_volPotencial__c LIMIT 10000"
      },
      "options": {
        "mergeMode": "OVERWRITE"
      }
    },
    {
      "syncName": "syncUpVolumenPotencial",
      "syncType": "syncUp",
      "soupName": "volumenPotencial",
      "target": {
        "createFieldlist": ["Id", "DQ_fld_jm__c", "DQ_fld_jm2__c", "DQ_fld_pdv__c", "DQ_fld_tipo__c", "DQ_fld_volumen__c", "RecordTypeId"]
      },
      "options": {
        "fieldlist": ["Id", "DQ_fld_jm__c", "DQ_fld_jm2__c", "DQ_fld_pdv__c", "DQ_fld_tipo__c", "DQ_fld_volumen__c", "RecordTypeId"],
        "mergeMode": "LEAVE_IF_CHANGED"
      }
    },
    {
      "syncName": "syncDownJerarquiaMateriales",
      "syncType": "syncDown",
      "soupName": "JerarquiaMateriales",
      "target": {
        "type": "soql",
        "query": "SELECT Id, DQ_fld_codigoCRM__c, DQ_fld_codigoDw__c, Name, DQ_fld_nivel__c, DQ_fld_nombre__c, DQ_fld_padre__c, DQ_fld_padreNombre__c, RecordTypeId FROM DQ_obj_jerarquiaMateriales__c LIMIT 10000"
      },
      "options": {
        "mergeMode": "OVERWRITE"
      }
    },
    {
      "syncName": "syncDownEnlaces",
      "syncType": "syncDown",
      "soupName": "enlaces",
      "target": {
        "type": "soql",
        "query": "SELECT Id, Activo__c, Name, URL__c, Tipo__c, Henry_fld_esInteractivo__c from Enlaces__c LIMIT 10000"
      },
      "options": {
        "mergeMode": "OVERWRITE"
      }
    },
    {
      "syncName": "syncDownAutoevaluacionGcc",
      "syncType": "syncDown",
      "soupName": "autoevaluacionGcc",
      "target": {
        "type": "soql",
        "query": "SELECT Id, Henry_fld_pregunta__c, Henry_fld_respuesta__c, Henry_fld_respuestatexto__c, Henry_fld_pdv__c FROM Henry_obj_autoevaluaciongcc__c LIMIT 10000"
      },
      "options": {
        "mergeMode": "OVERWRITE"
      }
    },
    {
      "syncName": "syncUpAutoevaluacionGcc",
      "syncType": "syncUp",
      "soupName": "autoevaluacionGcc",
      "target": {
        "createFieldlist": ["Henry_fld_pregunta__c", "Henry_fld_respuesta__c", "Henry_fld_respuestatexto__c", "Henry_fld_pdv__c"]
      },
      "options": {
        "fieldlist": ["Henry_fld_pregunta__c", "Henry_fld_respuesta__c", "Henry_fld_respuestatexto__c", "Henry_fld_pdv__c"],
        "mergeMode": "LEAVE_IF_CHANGED"
      }
    },
    {
      "syncName": "syncDownMatrizDescuento",
      "syncType": "syncDown",
      "soupName": "matrizDescuento",
      "target": {
        "type": "soql",
        "query": "select Id, Nat_fld_distribuidor__c, Nat_fld_euroLitroBronce__c, Nat_fld_euroLitroOro__c, Nat_fld_euroLitroPlata__c, Nat_fld_euroUnidadBronce__c, Nat_fld_euroUnidadOro__c, Nat_fld_euroUnidadPlata__c, Nat_fld_idproducto__c, Nat_fld_marcamarketing__c, Nat_fld_porcentajebronce__c, Nat_fld_porcentajeoro__c, Nat_fld_porcentajeplata__c, Nat_fld_producto__c, Nat_fld_tipodeenvase__c, Nat_fld_producto__r.DQ_fld_materialCodNum__c, Nat_fld_producto__r.Name, Nat_fld_producto__r.Id, Nat_fld_producto__r.DQ_fld_jmEnvase__c from Nat_obj_matrizdescuento__c LIMIT 10000"
      },
      "options": {
        "mergeMode": "OVERWRITE"
      }
    },
    {
      "syncName": "syncUpPoliticaComercial",
      "syncType": "syncUp",
      "soupName": "politicaComercial",
      "target": {
        "createFieldlist": ["Nat_fld_pdv__c", "Nat_fld_acuerdosespeciales__c", "Nat_fld_bonificacion__c", "Nat_fld_estado__c", "Nat_fld_productoDQ__c", "Nat_fld_matrizdescuento__c", "Nat_fld_rappel__c", "Nat_fld_tipodedescuento__c", "Nat_fld_VolumenEstimado__c"]
      },
      "options": {
        "fieldlist": ["Nat_fld_acuerdosespeciales__c", "Nat_fld_bonificacion__c", "Nat_fld_estado__c", "Nat_fld_productoDQ__c", "Nat_fld_matrizdescuento__c", "Nat_fld_rappel__c", "Nat_fld_tipodedescuento__c", "Nat_fld_VolumenEstimado__c"],
        "mergeMode": "LEAVE_IF_CHANGED"
      }
    },
    {
      "syncName": "syncDownSku",
      "syncType": "syncDown",
      "soupName": "sku",
      "target": {
        "type": "soql",
        "query": "select Henry_fld_CategoriaBase__c, Henry_fld_FechadeVigencia__c, Henry_fld_IDProducto__c, Henry_fld_MarcaMarketing__c, Henry_fld_Producto__c, Henry_fld_statusactual__c, Henry_fld_StatusNuevo__c, Henry_fld_UMBase__c, Henry_fld_UMBaseDetalle__c, Nat_fld_incluidoEnNautilus__c, Nat_fld_tipoDeEnvase__c from Henry_obj_SKU__c LIMIT 10000"
      },
      "options": {
        "mergeMode": "OVERWRITE"
      }
    },
    {
      "syncName": "syncDownSegmentacion",
      "syncType": "syncDown",
      "soupName": "segmentacion",
      "target": {
        "type": "soql",
        "query": "select Id, DQ_fld_pdv__c, DQ_fld_ejecucion__c, DQ_fld_mixto__c, DQ_fld_smart__c, DQ_fld_avanzado__c, DQ_fld_opb__c, DQ_fld_tipoEstablecimiento__c, DQ_fld_ensena__c, DQ_fld_pdvId__c, DQ_fld_perfil__c, DQ_fld_canal__c, DQ_fld_frente__c, Henry_fld_frenteTeorico__c, Henry_fld_canalSegunGestor__c, Henry_fld_fechaModificacionCanal__c, Henry_fld_fechaModificacionEjecucion__c, Henry_fld_fechaModificacionFrente__c, Henry_fld_fechaModificacionOPB__c, Henry_fld_fechaModificacionPerfil__c, Henry_fld_canalModificadoPor__c, Henry_fld_opbRefrival__c from DQ_obj_segmentacion__c WHERE (DQ_fld_pdv__c IN (Select Id from Account where (RecordType.DeveloperName = 'DQ_rt_pdv' or RecordType.DeveloperName = 'DQ_rt_distribuidor'))) LIMIT 10000"
      },
      "options": {
        "mergeMode": "OVERWRITE"
      }
    },
    {
      "syncName": "syncDownSegmentacionPro",
      "syncType": "syncDown",
      "soupName": "segmentacion",
      "target": {
        "type": "soql",
        "query": "select Id, DQ_fld_pdv__c, DQ_fld_ejecucion__c, DQ_fld_mixto__c, DQ_fld_smart__c, DQ_fld_avanzado__c, DQ_fld_opb__c, DQ_fld_tipoEstablecimiento__c, DQ_fld_ensena__c, DQ_fld_pdvId__c, DQ_fld_perfil__c, DQ_fld_canal__c, DQ_fld_frente__c, Henry_fld_frenteTeorico__c, Henry_fld_canalSegunGestor__c, Henry_fld_fechaModificacionCanal__c, Henry_fld_fechaModificacionEjecucion__c, Henry_fld_fechaModificacionFrente__c, Henry_fld_fechaModificacionOPB__c, Henry_fld_fechaModificacionPerfil__c, Henry_fld_canalModificadoPor__c, Henry_fld_opbRefrival__c from DQ_obj_segmentacion__c where (DQ_fld_pdv__r.DQ_fld_desarrollo__c = true) LIMIT 10000"
      },
      "options": {
        "mergeMode": "OVERWRITE"
      }
    },
    {
      "syncName": "syncDownSegmentacionGCC",
      "syncType": "syncDown",
      "soupName": "segmentacion",
      "target": {
        "type": "soql",
        "query": "select Id, DQ_fld_pdv__c, DQ_fld_ejecucion__c, DQ_fld_mixto__c, DQ_fld_smart__c, DQ_fld_avanzado__c, DQ_fld_opb__c, DQ_fld_tipoEstablecimiento__c, DQ_fld_ensena__c, DQ_fld_pdvId__c, DQ_fld_perfil__c, DQ_fld_canal__c, DQ_fld_frente__c, Henry_fld_frenteTeorico__c, Henry_fld_canalSegunGestor__c, Henry_fld_fechaModificacionCanal__c, Henry_fld_fechaModificacionEjecucion__c, Henry_fld_fechaModificacionFrente__c, Henry_fld_fechaModificacionOPB__c, Henry_fld_fechaModificacionPerfil__c, Henry_fld_canalModificadoPor__c, Henry_fld_opbRefrival__c from DQ_obj_segmentacion__c where (DQ_fld_frente__c IN ('KM','CB')) LIMIT 10000"
      },
      "options": {
        "mergeMode": "OVERWRITE"
      }
    },
    {
      "syncName": "syncUpSegmentacion",
      "syncType": "syncUp",
      "soupName": "segmentacion",
      "target": {
        "createFieldlist": ["Id", "DQ_fld_opb__c", "DQ_fld_tipoEstablecimiento__c", "DQ_fld_ensena__c", "DQ_fld_avanzado__c", "DQ_fld_smart__c", "DQ_fld_mixto__c", "DQ_fld_ejecucion__c", "DQ_fld_perfil__c", "DQ_fld_canal__c", "DQ_fld_frente__c", "Henry_fld_frenteTeorico__c", "Henry_fld_canalSegunGestor__c" , "Henry_fld_fechaModificacionCanal__c", "Henry_fld_canalModificadoPor__c", "Henry_fld_fechaModificacionEjecucion__c", "Henry_fld_fechaModificacionFrente__c", "Henry_fld_fechaModificacionOPB__c", "Henry_fld_fechaModificacionPerfil__c"]
      },
      "options": {
        "fieldlist": ["Id", "DQ_fld_opb__c", "DQ_fld_tipoEstablecimiento__c", "DQ_fld_ensena__c", "DQ_fld_avanzado__c", "DQ_fld_smart__c", "DQ_fld_mixto__c", "DQ_fld_ejecucion__c", "DQ_fld_perfil__c", "DQ_fld_canal__c", "DQ_fld_frente__c", "Henry_fld_frenteTeorico__c", "Henry_fld_canalSegunGestor__c" , "Henry_fld_fechaModificacionCanal__c", "Henry_fld_canalModificadoPor__c", "Henry_fld_fechaModificacionEjecucion__c", "Henry_fld_fechaModificacionFrente__c", "Henry_fld_fechaModificacionOPB__c", "Henry_fld_fechaModificacionPerfil__c"],
        "mergeMode": "LEAVE_IF_CHANGED"
      }
    },
    {
      "syncName": "syncDownRelacionPdvPreventa",
      "syncType": "syncDown",
      "soupName": "relacionPdvPreventa",
      "target": {
        "type": "soql",
        "query": "select Name, DQ_fld_pdvId__c from DQ_obj_relPdvPre__c LIMIT 10000"
      },
      "options": {
        "mergeMode": "OVERWRITE"
      }
    },
    {
      "syncName": "syncDownSegmentadorCanal",
      "syncType": "syncDown",
      "soupName": "SegmentadorCanal",
      "target": {
        "type": "soql",
        "query": "SELECT Id, Henry_fld_canal__c, Henry_fld_concepto__c, Henry_fld_parentId__c, Name, Henry_fld_nivelUlt__c FROM Henry_obj_segmentadorCanal__c LIMIT 10000"
      },
      "options": {
        "mergeMode": "OVERWRITE"
      }
    }
  ]
}
