{
    "success": {
        "backgroundImageName": "TSBackgroundSuccess",
        "borderColor": "#005700",
        "borderHeight": 1,
        "buttonBackgroundImageName": "TSButtonBackground",
        "buttonTitleTextColor": "#FFFFFF",
        "buttonTitleShadowColor": "#67B759",
        "buttonTitleShadowOffsetX": 0,
        "buttonTitleShadowOffsetY": -1,
        "subTitleFontSize": 12,
        "subTitleTextColor": "#FFFFFF",
        "iconImage": "NotificationBackgroundSuccessIcon.png",
        "shadowColor": "#67B759",
        "shadowOffsetX": 0,
        "shadowOffsetY": -1,
        "titleTextColor": "#FFFFFF",
        "titleFontSize": 14,
        "backgroundColor": "#76CF67",
        "backgroundColorAlpha": 0.8
    },
    "message": {
        "backgroundImageName": "TSBackgroundMessage",
        "borderColor": "#727C83",
        "borderHeight": 1,
        "buttonBackgroundImageName": "TSButtonBackground",
        "buttonTitleTextColor": "#286CAA",
        "buttonTitleShadowColor": "#EBEEF1",
        "buttonTitleShadowOffsetX": 0,
        "buttonTitleShadowOffsetY": 1,
        "subTitleFontSize": 12,
        "subTitleTextColor": "#286CAA",
        "imageName": "",
        "shadowColor": "#EBEEF1",
        "shadowOffsetX": 0,
        "shadowOffsetY": 1,
        "titleTextColor": "#286CAA",
        "titleFontSize": 14,
        "backgroundColor": "#bed9f2"
    },
    "warning": {
        "backgroundImageName": "TSBackgroundWarning",
        "borderColor": "#A28918",
        "borderHeight": 1,
        "buttonBackgroundImageName": "TSButtonBackground",
        "buttonTitleTextColor": "#484638",
        "buttonTitleShadowColor": "#E5D87C",
        "buttonTitleShadowOffsetX": 0,
        "buttonTitleShadowOffsetY": 1,
        "subTitleFontSize": 12,
        "subTitleTextColor": "#484638",
        "iconImage": "NotificationBackgroundWarningIcon.png",
        "shadowColor": "#E5D87C",
        "shadowOffsetX": 0,
        "shadowOffsetY": 1,
        "titleTextColor": "#484638",
        "titleFontSize": 22,
        "backgroundColor": "#DAC43C"
    },
    "error": {
        "backgroundImageName": "TSBackgroundError",
        "borderColor": "#700000",
        "borderHeight": 1,
        "buttonBackgroundImageName": "TSButtonBackground",
        "buttonTitleTextColor": "#FFFFFF",
        "buttonTitleShadowColor": "#DD3B41",
        "buttonTitleShadowOffsetX": 0,
        "buttonTitleShadowOffsetY": 1,
        "subTitleFontSize": 12,
        "subTitleTextColor": "#FFFFFF",
        "iconImage": "NotificationBackgroundErrorIcon.png",
        "shadowColor": "#DD3B41",
        "shadowOffsetX": 0,
        "shadowOffsetY": 1,
        "titleTextColor": "#FFFFFF",
        "titleFontSize": 14,
        "backgroundColor": "#DD3B41"
    }
}
