{
    "syncs": [
        {
            "syncName": "syncDownAccountsPDV",
            "syncType": "syncDown",
            "soupName": "accounts",
            "target": {
                "type": "soql",
                "query": "SELECT Nombre_Segun_Gestor__c, Direccion_Segun_Gestor__c, RecordTypeId, Name, ID_CRM__c, Fecha_de_alta__c, Fecha_de_baja__c, Ultimos_movimientos__c, Cuenta_de_baja__c, Cadena__c, Tasa_de_fuga__c, Id, Codigo_NIF__c, Email__c, Movil__c, Riesgo_de_fuga_de_CO2__c, Ejecucion__c, Grupo_Regional__c, Cliente_nuevo_de_Barril__c, Tipo_de_via__c, Direccion_calle__c, Direccion_numero__c, Ampliacion__c, Municipio__c, Provincia__c, Codigo_Postal__c, Pais__c, Localidad__c, Telefono_Distribuidor__c, Canal_Horeca__c, Perfil__c, Frente__c, Tipo_de_establecimiento__c, Imagen__c, Ensena__c, Tipo_de_temporalidad__c, Temporalidad__c, Fecha_inicio_cierre__c, Fecha_fin_cierre__c, Otros_telefonos__c, Website, Festivo_Semanal__c, Horario_de_Apertura__c, Comentarios__c, Email_Distribuidor__c, Avanzado__c, Smart__c, Mixto__c, Fecha_de_Alerta__c, Is_Recurrency_Planned__c FROM Account WHERE RecordType.DeveloperName = 'Pdv' LIMIT 10000"
            },
            "options": {
                "mergeMode": "OVERWRITE"
            }
        },
        {
            "syncName": "syncDownAccountsDIS",
            "syncType": "syncDown",
            "soupName": "accounts",
            "target": {
                "type": "soql",
                "query": "SELECT Nombre_Segun_Gestor__c, Direccion_Segun_Gestor__c, RecordTypeId, Name, ID_CRM__c, Fecha_de_alta__c, Fecha_de_baja__c, Ultimos_movimientos__c, Cuenta_de_baja__c, Cadena__c, Tasa_de_fuga__c, Id, Codigo_NIF__c, Email__c, Movil__c, Riesgo_de_fuga_de_CO2__c, Ejecucion__c, Grupo_Regional__c, Cliente_nuevo_de_Barril__c, Tipo_de_via__c, Direccion_calle__c, Direccion_numero__c, Ampliacion__c, Municipio__c, Provincia__c, Codigo_Postal__c, Pais__c, Localidad__c, Telefono_Distribuidor__c, Canal_Horeca__c, Perfil__c, Frente__c, Tipo_de_establecimiento__c, Imagen__c, Ensena__c, Tipo_de_temporalidad__c, Temporalidad__c, Fecha_inicio_cierre__c, Fecha_fin_cierre__c, Otros_telefonos__c, Website, Festivo_Semanal__c, Horario_de_Apertura__c, Comentarios__c, Email_Distribuidor__c, Avanzado__c, Smart__c, Mixto__c, Fecha_de_Alerta__c, Is_Recurrency_Planned__c FROM Account WHERE RecordType.DeveloperName = 'Distribuidor' AND Id IN (select Distribuidor__c from Relaciones__c where (RecordType.DeveloperName = 'Relacion_Distribuidor_Gestor' OR RecordType.DeveloperName = 'Relacion_Distribuidor_PDV') AND Desde__c <= TODAY AND Hasta__c  >= TODAY) LIMIT 10000"
            },
            "options": {
                "mergeMode": "OVERWRITE"
            }
        },
        {
            "syncName": "syncUpAccounts",
            "syncType": "syncUp",
            "soupName": "accounts",
            "target": { 
                "createFieldlist": ["Nombre_Segun_Gestor__c", "Direccion_Segun_Gestor__c", "Ejecucion__c", "Frente__c", "Tipo_de_establecimiento__c", "Imagen__c", "Ensena__c", "Temporalidad__c", "Fecha_inicio_cierre__c", "Fecha_fin_cierre__c", "Otros_telefonos__c", "Website", "Festivo_Semanal__c", "Horario_de_Apertura__c", "Comentarios__c", "Email__c", "Avanzado__c", "Smart__c", "Mixto__c", "Is_Recurrency_Planned__c"]
            },
            "options": {
                "fieldlist": ["Nombre_Segun_Gestor__c", "Direccion_Segun_Gestor__c", "Ejecucion__c", "Frente__c", "Tipo_de_establecimiento__c", "Imagen__c", "Ensena__c", "Temporalidad__c", "Fecha_inicio_cierre__c", "Fecha_fin_cierre__c", "Otros_telefonos__c", "Website", "Festivo_Semanal__c", "Horario_de_Apertura__c", "Comentarios__c", "Email__c", "Avanzado__c", "Smart__c", "Mixto__c", "Is_Recurrency_Planned__c"],
                "mergeMode": "OVERWRITE"
            }
        },
        {
            "syncName": "syncDownContacts",
            "syncType": "syncDown",
            "soupName": "contacts",
            "target": {
                "type": "soql",
                "query": "SELECT Id, AccountId, FirstName, LastName, Email, Cargo__c, Phone, MobilePhone, Receptor_de_email__c FROM Contact LIMIT 10000"
            },
            "options": {
                "mergeMode": "OVERWRITE"
            }
        },
        {
            "syncName": "syncUpContacts",
            "syncType": "syncUp",
            "soupName": "contacts",
            "target": { 
                "createFieldlist": ["AccountId", "FirstName", "LastName", "Email", "Cargo__c", "Phone", "MobilePhone", "Receptor_de_email__c"]
            },
            "options": {
                "fieldlist": ["AccountId", "FirstName", "LastName", "Email", "Cargo__c", "Phone", "MobilePhone", "Receptor_de_email__c"],
                "mergeMode": "OVERWRITE"
            }
        },
        {
            "syncName": "syncDownSurtido",
            "syncType": "syncDown",
            "soupName": "surtido",
            "target": {
                "type": "soql",
                "query": "SELECT Id, Name FROM Surtido__c LIMIT 10000"
            },
            "options": {
                "mergeMode": "OVERWRITE"
            }
        },
        {
            "syncName": "syncUpSurtido",
            "syncType": "syncUp",
            "soupName": "surtido",
            "target": { 
                "createFieldlist": ["Name"]
            },
            "options": {
                "fieldlist": ["Id", "Name"],
                "mergeMode": "LEAVE_IF_CHANGED"
            }
        },
        {
            "syncName": "syncDownProvincias",
            "syncType": "syncDown",
            "soupName": "provincias",
            "target": {
                "type": "soql",
                "query": "SELECT Id, Name FROM Provincia__c LIMIT 10000"
            },
            "options": {
                "mergeMode": "OVERWRITE"
            }
        },
        {
            "syncName": "syncUpProvincias",
            "syncType": "syncUp",
            "soupName": "provincias",
            "target": { 
                "createFieldlist": ["Name"]
            },
            "options": {
                "fieldlist": ["Id", "Name"],
                "mergeMode": "LEAVE_IF_CHANGED"
            }
        },
        {
            "syncName": "syncDownDistribuidores",
            "syncType": "syncDown",
            "soupName": "distribuidores",
            "target": {
                "type": "soql",
                "query": "SELECT Id, Name, Distribuidor__c, PDV__c, Preferente__c FROM Distribuidor__c LIMIT 10000"
            },
            "options": {
                "mergeMode": "OVERWRITE"
            }
        },
        {
            "syncName": "syncUpDistribuidores",
            "syncType": "syncUp",
            "soupName": "distribuidores",
            "target": { 
                "createFieldlist": ["Id", "Preferente__c"]
            },
            "options": {
                "fieldlist": ["Id", "Preferente__c"],
                "mergeMode": "LEAVE_IF_CHANGED"
            }
        },
        {
            "syncName": "syncDownPromociones",
            "syncType": "syncDown",
            "soupName": "promociones",
            "target": {
                "type": "soql",
                "query": "SELECT Id, Canal_Horeca__c, Coste_Unitario__c, Cupo_Gastado__c, Desde__c, DT__c, Empresa_Responsable__c, Estado__c, Frente__c, Hasta__c, Instrucciones_de_ubicacion__c, Marca__c, Mecanica_Observaciones__c, Numero_Bajadas_DT__c, Objetivo__c, Perfil_Hostelero__c, Requiere_Implementacion__c, Tipo_de_Envase__c, Tipologia__c, Total_Cupo__c, Total_Cupo_Asignado__c, Total_Cupo_no_Asignado__c, Maximo_por_PDV__c, Name FROM Ficha_Promocional__c LIMIT 10000"
            },
            "options": {
                "mergeMode": "OVERWRITE"
            }
        },
        {
            "syncName": "syncUpPromociones",
            "syncType": "syncUp",
            "soupName": "promociones",
            "target": { 
                "createFieldlist": ["Canal__c", "Coste_Unitario__c", "Cupo_Gastado__c", "Desde__c", "DT__c", "Empresa_Responsable__c", "Estado__c", "Frente__c", "Hasta__c", "Instrucciones_de_ubicacion__c", "Marca__c", "Mecanica_Observaciones__c", "Numero_Bajadas_DT__c", "Objetivo__c", "Perfil_Hostelero__c", "Requiere_Implementacion__c", "Tipo_de_Envase__c", "Tipologia__c", "Total_Cupo__c", "Total_Cupo_Asignado__c", "Total_Cupo_no_Asignado__c", "Maximo_por_PDV__c", "Name"]
            },
            "options": {
                "fieldlist": ["Id", "Canal__c", "Coste_Unitario__c", "Cupo_Gastado__c", "Desde__c", "DT__c", "Empresa_Responsable__c", "Estado__c", "Frente__c", "Hasta__c", "Instrucciones_de_ubicacion__c", "Marca__c", "Mecanica_Observaciones__c", "Numero_Bajadas_DT__c", "Objetivo__c", "Perfil_Hostelero__c", "Requiere_Implementacion__c", "Tipo_de_Envase__c", "Tipologia__c", "Total_Cupo__c", "Total_Cupo_Asignado__c", "Total_Cupo_no_Asignado__c", "Maximo_por_PDV__c", "Name"],
                "mergeMode": "LEAVE_IF_CHANGED"
            }
        },
        {
            "syncName": "syncDownDetallesCupo",
            "syncType": "syncDown",
            "soupName": "detallesCupo",
            "target": {
                "type": "soql",
                "query": "SELECT Id, Ficha_Promocional__c, Cupo_Asignado__c FROM Detalle_Cupo__c LIMIT 10000"
            },
            "options": {
                "mergeMode": "OVERWRITE"
            }
        },
        {
            "syncName": "syncUpDetallesCupo",
            "syncType": "syncUp",
            "soupName": "detallesCupo",
            "target": { 
                "createFieldlist": ["Cuenta__c", "Cupo_Asignado__c", "Cupo_SAP__c", "Detalle_Cupo_DT__c", "Cupo_Disponible__c", "DT__c", "Ficha_Promocional__c", "Cupo_Gastado__c", "Identificador_Cupos__c", "Cupo_Implementado__c", "Cupo_Reservado__c", "Usuario__c", "Usuario_Cuenta__c", "Name"]
            },
            "options": {
                "fieldlist": ["Id", "Cuenta__c", "Cupo_Asignado__c", "Cupo_SAP__c", "Detalle_Cupo_DT__c", "Cupo_Disponible__c", "DT__c", "Ficha_Promocional__c", "Cupo_Gastado__c", "Identificador_Cupos__c", "Cupo_Implementado__c", "Cupo_Reservado__c", "Usuario__c", "Usuario_Cuenta__c", "Name"],
                "mergeMode": "LEAVE_IF_CHANGED"
            }
        },
        {
            "syncName": "syncDownImplementaciones",
            "syncType": "syncDown",
            "soupName": "implementaciones",
            "target": {
                "type": "soql",
                "query": "SELECT Id, Cuenta__c, Ficha_Promocional__c, Cupo_Implementado__c, Coste_implementacion__c, Coste_Unitario__c, Cupo_Disponible__c, Cupo_Reservado__c, Estado__c, Fecha__c, Instrucciones_de_ubicacion__c, Mecanica_de_observaciones__c, Name FROM Implementacion__c LIMIT 10000"
            },
            "options": {
                "mergeMode": "OVERWRITE"
            }
        },
        {
            "syncName": "syncUpImplementaciones",
            "syncType": "syncUp",
            "soupName": "implementaciones",
            "target": { 
                "createFieldlist": ["Cuenta__c","Ficha_Promocional__c","Cupo_Implementado__c","Coste_implementacion__c","Coste_Unitario__c","Cupo_Disponible__c","Cupo_Reservado__c","Estado__c","Fecha__c","Instrucciones_de_ubicacion__c","Mecanica_de_observaciones__c","Name"]
            },
            "options": {
                "fieldlist": ["Id", "Cuenta__c","Ficha_Promocional__c","Cupo_Implementado__c","Coste_implementacion__c","Coste_Unitario__c","Cupo_Disponible__c","Cupo_Reservado__c","Estado__c","Fecha__c","Instrucciones_de_ubicacion__c","Mecanica_de_observaciones__c","Name"],
                "mergeMode": "LEAVE_IF_CHANGED"
            }
        },
        {
            "syncName": "syncDownEvents",
            "syncType": "syncDown",
            "soupName": "eventos",
            "target": {
                "type": "soql",
                "query": "SELECT Id, ActivityDate, StartDateTime, EndDateTime, Estado__c, Subject, RecordTypeId, Description, Cuenta__c, Gestor_comercial__c, Participantes__c, Fecha_proxima_visita__c, Comentario_proxima_visita__c, Codigo_Postal__c, Direccion__c, Nombre_Pdv__c, Distribuidor__c, Clientes_Competencia__c, Clientes_Propios__c, Clientes_Visitados__c, Conclusiones_Mercado__c, Evaluacion_Preventa__c, Comentario__c, NIF__c, Razon_social__c, Objetivos__c, Tipo_de_Visita__c, Resultados__c, Tipo_de_visita_2__c, Objetivos_texto__c, Resultados_texto__c, Fecha_Hora_Cierre__c, Notas__c, Preventa__c, Preventa_Segun_Gestor__c, OwnerId FROM Event LIMIT 10000"
            },
            "options": {
                "mergeMode": "OVERWRITE"
            }
        },
        {
            "syncName": "syncUpEvents",
            "syncType": "syncUp",
            "soupName": "eventos",
            "target": { 
                "createFieldlist": ["Id", "StartDateTime", "EndDateTime", "Subject", "RecordTypeId", "Description", "Cuenta__c", "Gestor_comercial__c", "Participantes__c", "Estado__c", "Fecha_proxima_visita__c", "Comentario_proxima_visita__c", "Codigo_Postal__c", "Direccion__c", "Nombre_Pdv__c", "Distribuidor__c", "Clientes_Competencia__c", "Clientes_Propios__c", "Clientes_Visitados__c", "Conclusiones_Mercado__c", "Evaluacion_Preventa__c", "Comentario__c", "NIF__c", "Razon_social__c", "Objetivos__c", "Tipo_de_Visita__c", "Resultados__c", "Tipo_de_visita_2__c", "Objetivos_texto__c", "Resultados_texto__c", "Fecha_Hora_Cierre__c", "Notas__c", "Preventa__c", "Preventa_Segun_Gestor__c", "OwnerId"]
            },
            "options": {
                "fieldlist": ["Id", "StartDateTime", "EndDateTime", "Subject", "RecordTypeId", "Description", "Cuenta__c", "Gestor_comercial__c", "Participantes__c", "Estado__c", "Fecha_proxima_visita__c", "Comentario_proxima_visita__c", "Codigo_Postal__c", "Direccion__c", "Nombre_Pdv__c", "Distribuidor__c", "Clientes_Competencia__c", "Clientes_Propios__c", "Clientes_Visitados__c", "Conclusiones_Mercado__c", "Evaluacion_Preventa__c", "Comentario__c", "NIF__c", "Razon_social__c", "Objetivos__c", "Tipo_de_Visita__c", "Resultados__c", "Tipo_de_visita_2__c", "Objetivos_texto__c", "Resultados_texto__c", "Fecha_Hora_Cierre__c", "Notas__c", "Preventa__c", "Preventa_Segun_Gestor__c", "OwnerId"],
                "mergeMode": "LEAVE_IF_CHANGED"
            }
        },
        {
            "syncName": "syncDownRecordType",
            "syncType": "syncDown",
            "soupName": "recordType",
            "target": {
                "type": "soql",
                "query": "SELECT Id, Name, DeveloperName, SobjectType, Description FROM RecordType LIMIT 10000"
            },
            "options": {
                "mergeMode": "OVERWRITE"
            }
        },
        {
            "syncName": "syncUpRecordType",
            "syncType": "syncUp",
            "soupName": "recordType",
            "target": { 
                "createFieldlist": ["Name", "DeveloperName", "SobjectType", "Description"]
            },
            "options": {
                "fieldlist": ["Id", "Name", "DeveloperName", "SobjectType", "Description"],
                "mergeMode": "LEAVE_IF_CHANGED"
            }
        },
        {
            "syncName": "syncDownUser",
            "syncType": "syncDown",
            "soupName": "user",
            "target": {
                "type": "soql",
                "query": "SELECT Id, Name, FirstName, LastName, Email, Username, ProfileId, UserRoleId, DT__c, Version__c FROM User LIMIT 10000"
            },
            "options": {
                "mergeMode": "OVERWRITE"
            }
        },
        {
            "syncName": "syncUpUser",
            "syncType": "syncUp",
            "soupName": "user",
            "target": { 
                "createFieldlist": ["Version__c"]
            },
            "options": {
                "fieldlist": ["Version__c"],
                "mergeMode": "LEAVE_IF_CHANGED"
            }
        },
        {
            "syncName": "syncDownUserRole",
            "syncType": "syncDown",
            "soupName": "userRole",
            "target": {
                "type": "soql",
                "query": "SELECT Id, Name, DeveloperName, ParentRoleId FROM User LIMIT 10000"
            },
            "options": {
                "mergeMode": "OVERWRITE"
            }
        },
        {
            "syncName": "syncUpUserRole",
            "syncType": "syncUp",
            "soupName": "userRole",
            "target": { 
                "createFieldlist": ["Id", "Name", "DeveloperName", "ParentRoleId"]
            },
            "options": {
                "fieldlist": ["Id", "Name", "DeveloperName", "ParentRoleId"],
                "mergeMode": "LEAVE_IF_CHANGED"
            }
        },
        {
            "syncName": "syncDownProfile",
            "syncType": "syncDown",
            "soupName": "profile",
            "target": {
                "type": "soql",
                "query": "SELECT Id, Name FROM Profile LIMIT 10000"
            },
            "options": {
                "mergeMode": "OVERWRITE"
            }
        },
        {
            "syncName": "syncUpProfile",
            "syncType": "syncUp",
            "soupName": "profile",
            "target": { 
                "createFieldlist": ["Id", "Name"]
            },
            "options": {
                "fieldlist": ["Id", "Name"],
                "mergeMode": "LEAVE_IF_CHANGED"
            }
        },
        {
            "syncName": "syncDownAvisos",
            "syncType": "syncDown",
            "soupName": "avisos",
            "target": { 
                "type": "soql",
                "query": "SELECT Id, Comentario__c, Fecha_fin__c, Fecha_inicio__c, Name, PDV__c, Prioridad__c, Tipo__c, Seleccionar_Respuesta__c FROM Alertas__c LIMIT 10000"
            },
            "options": {
                "mergeMode": "OVERWRITE"

            }
        },
        {
            "syncName": "syncUpAvisos",
            "syncType": "syncUp",
            "soupName": "avisos",
            "target": { 
                "createFieldlist": ["Id", "Seleccionar_Respuesta__c"]
            },
            "options": {
                "fieldlist": ["Id", "Seleccionar_Respuesta__c"],
                "mergeMode": "LEAVE_IF_CHANGED"
            }
        },
        {
            "syncName": "syncDownRecursos",
            "syncType": "syncDown",
            "soupName": "recursos",
            "target": {
                "type": "soql",
                "query": "SELECT Id, Name, Competencia__c, Cuenta__c, Propio__c, Tipo_de_Recurso__c FROM Recursos__c LIMIT 10000"
            },
            "options": {
                "mergeMode": "OVERWRITE"
            }
        },
        {
            "syncName": "syncUpRecursos",
            "syncType": "syncUp",
            "soupName": "recursos",
            "target": { 
                "createFieldlist": ["Id", "Name", "Competencia__c", "Propio__c", "Tipo_de_Recurso__c"]
            },
            "options": {
                "fieldlist": ["Id", "Name", "Competencia__c", "Propio__c", "Tipo_de_Recurso__c"],
                "mergeMode": "LEAVE_IF_CHANGED"
            }
        },
        {
            "syncName": "syncDownPuntosDia",
            "syncType": "syncDown",
            "soupName": "puntosDia",
            "target": {
                "type": "soql",
                "query": "SELECT Id, Name, Punto_del_dia__c, Evaluacion__c FROM Punto_del_dia_propuesto_visita__c LIMIT 10000"
            },
            "options": {
                "mergeMode": "OVERWRITE"
            }
        },
        {
            "syncName": "syncUpPuntosDia",
            "syncType": "syncUp",
            "soupName": "puntosDia",
            "target": { 
                "createFieldlist": ["Id", "Name", "Punto_del_dia__c", "Evaluacion__c"]
            },
            "options": {
                "fieldlist": ["Id", "Name", "Punto_del_dia__c", "Evaluacion__c"],
                "mergeMode": "LEAVE_IF_CHANGED"
            }
        },
        {
            "syncName": "syncDownPuntosEspecificos",
            "syncType": "syncDown",
            "soupName": "puntosEspecificos",
            "target": {
                "type": "soql",
                "query": "SELECT Id, Name, Cuestion__c, Evaluacion__c FROM Punto_reunion_especifico_visita__c LIMIT 10000"
            },
            "options": {
                "mergeMode": "OVERWRITE"
            }
        },
        {
            "syncName": "syncUpPuntosEspecificos",
            "syncType": "syncUp",
            "soupName": "puntosEspecificos",
            "target": { 
                "createFieldlist": ["Id", "Name", "Cuestion__c", "Evaluacion__c"]
            },
            "options": {
                "fieldlist": ["Id", "Name", "Cuestion__c", "Evaluacion__c"],
                "mergeMode": "LEAVE_IF_CHANGED"
            }
        },
        {
            "syncName": "syncDownPlanMes",
            "syncType": "syncDown",
            "soupName": "planMes",
            "target": {
                "type": "soql",
                "query": "SELECT Id, Name, Descripcion_del_plan__c FROM Plan_operativo_del_mes_visita__c LIMIT 10000"
            },
            "options": {
                "mergeMode": "OVERWRITE"
            }
        },
        {
            "syncName": "syncUpPlanMes",
            "syncType": "syncUp",
            "soupName": "planMes",
            "target": { 
                "createFieldlist": ["Id", "Name", "Descripcion_del_plan__c"]
            },
            "options": {
                "fieldlist": ["Id", "Name", "Descripcion_del_plan__c"],
                "mergeMode": "LEAVE_IF_CHANGED"
            }
        },
        {
            "syncName": "syncDownResultadoVisita",
            "syncType": "syncDown",
            "soupName": "resultadosVisita",
            "target": {
                "type": "soql",
                "query": "SELECT Id, Name, Accion_de_mejora__c, Causa__c, Desviacion__c FROM Resultado_visita__c LIMIT 10000"
            },
            "options": {
                "mergeMode": "OVERWRITE"
            }
        },
        {
            "syncName": "syncUpResultadoVisita",
            "syncType": "syncUp",
            "soupName": "resultadosVisita",
            "target": { 
                "createFieldlist": ["Name", "Accion_de_mejora__c", "Causa__c", "Desviacion__c"]
            },
            "options": {
                "fieldlist": ["Name", "Accion_de_mejora__c", "Causa__c", "Desviacion__c"],
                "mergeMode": "LEAVE_IF_CHANGED"
            }
        },
        {
            "syncName": "syncDownDetallePuntosDia",
            "syncType": "syncDown",
            "soupName": "detallePuntosDia",
            "target": {
                "type": "soql",
                "query": "SELECT Id, Punto_del_dia__c, Evaluacion__c FROM Detalle_Punto_del_dia_propuesto__c LIMIT 10000"
            },
            "options": {
                "mergeMode": "OVERWRITE"
            }
        },
        {
            "syncName": "syncDownComosEvidenciasRead",
            "syncType": "syncDown",
            "soupName": "comosEvidenciasRead",
            "target": {
                "type": "soql",
                "query": "SELECT Id, Tipo__c, Descripcion__c FROM Detalle_Formulario_Salida_Acompanamiento__c LIMIT 10000"
            },
            "options": {
                "mergeMode": "OVERWRITE"
            }
        },
        {
            "syncName": "syncDownComosEvidenciasWrite",
            "syncType": "syncDown",
            "soupName": "comosEvidenciasWrite",
            "target": {
                "type": "soql",
                "query": "SELECT Id, Name, Tipo__c, Descripcion__c, Respuesta__c FROM Formulario_Salida_Acompanamiento__c LIMIT 10000"
            },
            "options": {
                "mergeMode": "OVERWRITE"
            }
        },
        {
            "syncName": "syncDownValoracionVisita",
            "syncType": "syncDown",
            "soupName": "valoracionVisitas",
            "target": {
                "type": "soql",
                "query": "SELECT Id, Name, RecordTypeId, Punto_a_trabajar_pasos_de_la_visita__c, Punto_fuerte_pasos_de_la_visita__c FROM Valoracion_visita__c LIMIT 10000"
            },
            "options": {
                "mergeMode": "OVERWRITE"
            }
        },
        {
            "syncName": "syncUpValoracionVisita",
            "syncType": "syncUp",
            "soupName": "valoracionVisitas",
            "target": { 
                "createFieldlist": ["Name", "RecordTypeId", "Formacion_Accion_puesto_trabajo__c", "Acompanamiento_otro_roles__c", "Formacion_Escuela_Ventas__c", "RecordTypeId"]
            },
            "options": {
                "fieldlist": ["Name", "RecordTypeId", "Formacion_Accion_puesto_trabajo__c", "Acompanamiento_otro_roles__c", "Formacion_Escuela_Ventas__c", "RecordTypeId"],
                "mergeMode": "LEAVE_IF_CHANGED"
            }
        },
        {
            "syncName": "syncDownPlanDeAccionVisita",
            "syncType": "syncDown",
            "soupName": "planAccionVisitas",
            "target": {
                "type": "soql",
                "query": "SELECT Id, Name, Formacion_Accion_puesto_trabajo__c, Acompanamiento_otro_roles__c, Formacion_escuela_de_ventas__c, RecordTypeId FROM Plan_de_accion_visita__c LIMIT 10000"
            },
            "options": {
                "mergeMode": "OVERWRITE"
            }
        },
        {
            "syncName": "syncUpPlanDeAccionVisita",
            "syncType": "syncUp",
            "soupName": "planAccionVisitas",
            "target": { 
                "createFieldlist": ["Name", "Formacion_Accion_puesto_trabajo__c", "Acompanamiento_otro_roles__c", "Formacion_escuela_de_ventas__c", "RecordTypeId"]
            },
            "options": {
                "fieldlist": ["Name", "Formacion_Accion_puesto_trabajo__c", "Acompanamiento_otro_roles__c", "Formacion_escuela_de_ventas__c", "RecordTypeId"],
                "mergeMode": "LEAVE_IF_CHANGED"
            }
        },
        {
            "syncName": "syncDownRelaciones",
            "syncType": "syncDown",
            "soupName": "relaciones",
            "target": {
                "type": "soql",
                "query": "SELECT Id, Distribuidor__c, Preventa__c, RecordTypeId FROM Relaciones__c WHERE Desde__c <= TODAY AND Hasta__c  >= TODAY LIMIT 10000"
            },
            "options": {
                "mergeMode": "OVERWRITE"
            }
        },
        {
            "syncName": "syncDownObjetivos",
            "syncType": "syncDown",
            "soupName": "objetivos",
            "target": {
                "type": "soql",
                "query": "SELECT Id, Name, Objetivo__c, Comentario_Objetivo__c, Tipo_de_Visita__c, Referencias__c, Frente__c FROM Objetivos__c LIMIT 10000"
            },
            "options": {
                "mergeMode": "OVERWRITE"
            }
        },
        {
            "syncName": "syncUpObjetivos",
            "syncType": "syncUp",
            "soupName": "objetivos",
            "target": { 
                "createFieldlist": ["Name", "Objetivo__c", "Comentario_Objetivo__c", "Tipo_de_Visita__c", "Referencias__c", "Frente__c"]
            },
            "options": {
                "fieldlist": ["Name", "Objetivo__c", "Comentario_Objetivo__c", "Tipo_de_Visita__c", "Referencias__c", "Frente__c"],
                "mergeMode": "LEAVE_IF_CHANGED"
            }
        },
        {
            "syncName": "syncDownResultados",
            "syncType": "syncDown",
            "soupName": "resultados",
            "target": {
                "type": "soql",
                "query": "SELECT Id, Name, Objetivo__c, Objetivos__c, Resultado__c, Comentario_Resultado__c, Respuesta_del_Resultado__c, Tipo_de_Visita__c FROM Resultados__c LIMIT 10000"
            },
            "options": {
                "mergeMode": "OVERWRITE"
            }
        },
        {
            "syncName": "syncUpResultados",
            "syncType": "syncUp",
            "soupName": "resultados",
            "target": { 
                "createFieldlist": ["Name", "Objetivo__c", "Objetivos__c", "Resultado__c", "Comentario_Resultado__c", "Respuesta_del_Resultado__c", "Tipo_de_Visita__c"]
            },
            "options": {
                "fieldlist": ["Name", "Objetivo__c", "Objetivos__c", "Resultado__c", "Comentario_Resultado__c", "Respuesta_del_Resultado__c", "Tipo_de_Visita__c"],
                "mergeMode": "LEAVE_IF_CHANGED"
            }
        },
        {
            "syncName": "syncDownWall",
            "syncType": "syncDown",
            "soupName": "wall",
            "target": {
                "type": "soql",
                "query": "SELECT Asunto__c, Cuenta__c, Descripcion__c, Destinatario__c, Fecha_Hora__c, Id, Name, OwnerId, Remitente__c, CreatedDate FROM Muro__c LIMIT 10000"
            },
            "options": {
                "mergeMode": "OVERWRITE"
            }
        },
        {
            "syncName": "syncDownPlanDeAcciones",
            "syncType": "syncDown",
            "soupName": "planDeAcciones",
            "target": {
                "type": "soql",
                "query": "SELECT Comentario__c, Como_lo_vamos_a_hacer__c, CreatedById, CreatedDate, Cual_es_la_situacion__c, Descripcion__c, Diagnostico_de_la_situacion__c, Distribuidor__c, Estado__c, Fin__c, Gestor__c, Id, Inicio__c, Name, Numero_operacion__c, Objetivo__c, OwnerId, Que_vamos_a_hacer__c, Tipo__c FROM Plan_de_Accion__c LIMIT 10000"
            },
            "options": {
                "mergeMode": "OVERWRITE"
            }
        },
        {
            "syncName": "syncUpPlanDeAcciones",
            "syncType": "syncUp",
            "soupName": "planDeAcciones",
            "target": { 
                "createFieldlist": ["Comentario__c","Como_lo_vamos_a_hacer__c","Cual_es_la_situacion__c","Descripcion__c","Diagnostico_de_la_situacion__c","Distribuidor__c","Estado__c","Fin__c","Gestor__c","Inicio__c","Name","Numero_operacion__c","Objetivo__c","OwnerId","Que_vamos_a_hacer__c","Tipo__c"]
            },
            "options": {
                "fieldlist": ["Comentario__c","Como_lo_vamos_a_hacer__c","Cual_es_la_situacion__c","Descripcion__c","Diagnostico_de_la_situacion__c","Distribuidor__c","Estado__c","Fin__c","Gestor__c","Inicio__c","Name","Numero_operacion__c","Objetivo__c","OwnerId","Que_vamos_a_hacer__c","Tipo__c"],
                "mergeMode": "LEAVE_IF_CHANGED"
            }
        },
        {
            "syncName": "syncDownSeguimiento",
            "syncType": "syncDown",
            "soupName": "planAccionesSeguimiento",
            "target": {
                "type": "soql",
                "query": "SELECT Fecha__c, Finalizado__c, Id, IsDeleted, Name, Plan_de_Accion__c, Resultado__c from Seguimiento__c LIMIT 10000"
            },
            "options": {
                "mergeMode": "OVERWRITE"
            }
        },
        {
            "syncName": "syncUpSeguimiento",
            "syncType": "syncUp",
            "soupName": "planAccionesSeguimiento",
            "target": { 
                "createFieldlist": ["Fecha__c","Finalizado__c","Id","IsDeleted","Name","Plan_de_Accion__c","Resultado__c"]
            },
            "options": {
                "fieldlist": ["Fecha__c","Finalizado__c","Id","IsDeleted","Name","Plan_de_Accion__c","Resultado__c"],
                "mergeMode": "LEAVE_IF_CHANGED"
            }
        },
        {
            "syncName": "syncDownVolumenReal",
            "syncType": "syncDown",
            "soupName": "volumenReal",
            "target": {
                "type": "soql",
                "query": "SELECT Id, Cuenta__c, Agrupacion_Marca_HORECA__c, Mes_cierre__c, Porcentaje_Gasto_Comercial_Mes__c, Porcentaje_Gasto_Comercial_AA_Mes__c, Porcentaje_Gasto_Comercial_Acumulado__c, Porcentaje_Gasto_Comercial_AA_Acumulado__c, Descripcion_Producto__c, Codigo_Material__c, Tipo_de_Envase_HORECA__c, Volumen_Litros_Ano__c, Volumen_Litros_Ano_Anterior__c, Volumen_Litros_Mes__c, Volumen_Litros_Mes_Anterior__c, Nombre_Producto__c FROM Volumen_Real__c LIMIT 50000"
            },
            "options": {
                "mergeMode": "OVERWRITE"
            }
        },
        {
            "syncName": "syncUpWall",
            "syncType": "syncUp",
            "soupName": "wall",
            "target": { 
                "createFieldlist": ["Asunto__c", "Cuenta__c", "Descripcion__c", "Destinatario__c", "Fecha_Hora__c", "Name", "OwnerId", "Remitente__c"]
            },
            "options": {
                "fieldlist": ["Asunto__c", "Cuenta__c", "Descripcion__c", "Destinatario__c", "Fecha_Hora__c", "Name", "OwnerId", "Remitente__c"],
                "mergeMode": "LEAVE_IF_CHANGED"
            }
        },
        {
            "syncName": "syncUpActivityLongTexts",
            "syncType": "syncUp",
            "soupName": "activityLongTexts",
            "target": { 
                "createFieldlist": ["Name", "Otros_Temas_a_Tratar__c"]
            },
            "options": {
                "fieldlist": ["Name", "Otros_Temas_a_Tratar__c"],
                "mergeMode": "LEAVE_IF_CHANGED"
            }
        },
        {
            "syncName": "syncDownActivityLongTexts",
            "syncType": "syncDown",
            "soupName": "activityLongTexts",
            "target": {
                "type": "soql",
                "query": "SELECT Id, Name, Otros_Temas_a_Tratar__c FROM Otros_temas_a_tratar_visita__c LIMIT 10000"
            },
            "options": {
                "mergeMode": "OVERWRITE"
            }
        },
        {
            "syncName": "syncDownPreventas",
            "syncType": "syncDown",
            "soupName": "preventas",
            "target": {
                "type": "soql",
                "query": "SELECT Id, Name FROM Preventas__c LIMIT 10000"
            },
            "options": {
                "mergeMode": "OVERWRITE"
            }
        },
        {
            "syncName": "syncUpCondicionesComerciales",
            "syncType": "syncUp",
            "soupName": "activityLongTexts",
            "target": { 
                "createFieldlist": ["Name", "Cuenta__c", "Tipo__c", "Distribuidor__c", "Cc__c", "Tipo_de_Envase__c", "Marca__c", "Material_Descripcion__c", "Descuento_total_porcentaje__c", "Descuento_total_euro_litro__c", "Bonificacion_euro_litro__c", "Bonificacion_unitario__c", "Bonificacion_porcentaje__c", "Nota_Bonificacion__c", "Amortizacion_AAEE_EURO_LITRO__c", "Promocion__c", "Rappel_euro_litro__c", "Condicion_Rappel__c", "Regalo_unidades__c", "Concepto__c", "Unidades__c", "Coste_unitario_euros__c", "Total_euros__c", "Fecha_inicio__c", "Fecha_fin__c", "Estado_envio__c"]
            },
            "options": {
                "fieldlist": ["Name", "Cuenta__c", "Tipo__c", "Distribuidor__c", "Cc__c", "Tipo_de_Envase__c", "Marca__c", "Material_Descripcion__c", "Descuento_total_porcentaje__c", "Descuento_total_euro_litro__c", "Bonificacion_euro_litro__c", "Bonificacion_unitario__c", "Bonificacion_porcentaje__c", "Nota_Bonificacion__c", "Amortizacion_AAEE_EURO_LITRO__c", "Promocion__c", "Rappel_euro_litro__c", "Condicion_Rappel__c", "Regalo_unidades__c", "Concepto__c", "Unidades__c", "Coste_unitario_euros__c", "Total_euros__c", "Fecha_inicio__c", "Fecha_fin__c", "Estado_envio__c", "Tipo_de_Envase_Texto__c", "Marca_Texto__c", "Material_Descripcion_Texto__c"],
                "mergeMode": "OVERWRITE"
            }
        },
        {
            "syncName": "syncDownCondicionesComerciales",
            "syncType": "syncDown",
            "soupName": "activityLongTexts",
            "target": {
                "type": "soql",
                "query": "SELECT Id, Name, Cuenta__c, Tipo__c, Distribuidor__c, Cc__c, Tipo_de_Envase__c, Marca__c, Material_Descripcion__c, Descuento_total_porcentaje__c, Descuento_total_euro_litro__c, Bonificacion_euro_litro__c, Bonificacion_unitario__c, Bonificacion_porcentaje__c, Nota_Bonificacion__c, Amortizacion_AAEE_EURO_LITRO__c, Promocion__c, Rappel_euro_litro__c, Condicion_Rappel__c, Regalo_unidades__c, Concepto__c, Unidades__c, Coste_unitario_euros__c, Total_euros__c, Fecha_inicio__c, Fecha_fin__c, Estado_envio__c, Fecha_ultimo_envio__c, Tipo_de_Envase_Texto__c, Marca_Texto__c, Material_Descripcion_Texto__c FROM Condiciones_comerciales__c LIMIT 10000"
            },
            "options": {
                "mergeMode": "OVERWRITE"
            }
        },
        {
            "syncName": "syncDownDetalleLectura",
            "syncType": "syncDown",
            "soupName": "detalleLectura",
            "target": {
                "type": "soql",
                "query": "SELECT Id, Denominacion__c, Descripcion__c, ID_de_Producto__c, Puntos_del_dia__c, Tipo__c, RecordTypeId FROM Detalle_Formulario_Salida_Acompanamiento__c LIMIT 10000"
            },
            "options": {
                "mergeMode": "OVERWRITE"
            }
        },
        {
            "syncName": "syncDownPosiciones",
            "syncType": "syncDown",
            "soupName": "posiciones",
            "target": {
                "type": "soql",
                "query": "SELECT Id, Cantidad__c, Denominacion__c, ID_de_producto__c, Name, Condicion__c FROM Posiciones__c LIMIT 10000"
            },
            "options": {
                "mergeMode": "OVERWRITE"
            }
        },
        {
            "syncName": "syncUpPosiciones",
            "syncType": "syncUp",
            "soupName": "posiciones",
            "target": { 
                "createFieldlist": ["Cantidad__c", "Denominacion__c", "ID_de_producto__c", "Name", "Condicion__c"]
            },
            "options": {
                "fieldlist": ["Cantidad__c", "Denominacion__c", "ID_de_producto__c", "Name", "Condicion__c"],
                "mergeMode": "LEAVE_IF_CHANGED"
            }
        },
        {
            "syncName": "syncDownSegmentadores",
            "syncType": "syncDown",
            "soupName": "segmentadores",
            "target": {
                "type": "soql",
                "query": "Select Avanzado__c, CreatedById, CreatedDate, Cuenta__c, Id, IsDeleted, LastModifiedById, LastModifiedDate, LastReferencedDate, LastViewedDate, Mixto__c, Name, OwnerId, Pregunta__c, Respuesta__c, Smart__c, SystemModstamp, Total_Avanzado__c, Total_Mixto__c, Total_Smart__c from Segmentador__c LIMIT 10000"
            },
            "options": {
                "mergeMode": "OVERWRITE"
            }
        },
        {
            "syncName": "syncDownOrigenes",
            "syncType": "syncDown",
            "soupName": "origenes",
            "target": {
                "type": "soql",
                "query": "SELECT Id, PDV__c, Codigo_del_Origen__c, Tipo_de_Origen__c, Ultimos_movimientos__c FROM Origen__c LIMIT 10000"
            },
            "options": {
                "mergeMode": "OVERWRITE"
            }
        },
        {
            "syncName": "syncDownVolumenMes",
            "syncType": "syncDown",
            "soupName": "volumenMes",
            "target": {
                "type": "soql",
                "query": "SELECT Abril_Volumen__c, Abril_Volumen_AA__c, Agosto_Volumen__c, Agosto_Volumen_AA__c, Cuenta__c, Producto__c, Diciembre_Volumen__c, Diciembre_Volumen_AA__c, Enero_Volumen__c, Enero_Volumen_AA__c, Febrero_Volumen__c, Febrero_Volumen_AA__c, Id, Julio_Volumen__c, Julio_Volumen_AA__c, Junio_Volumen__c, Junio_Volumen_AA__c, Marzo_Volumen__c, Marzo_Volumen_AA__c, Mayo_Volumen__c, Mayo_Volumen_AA__c, Noviembre_Volumen__c, Noviembre_Volumen_AA__c, Octubre_Volumen__c, Octubre_Volumen_AA__c, Septiembre_Volumen__c, Septiembre_Volumen_AA__c FROM Volumen_Mes__c LIMIT 50000"
            },
            "options": {
                "mergeMode": "OVERWRITE"
            }
        },
        {
            "syncName": "syncDownUnidadesPorMes",
            "syncType": "syncDown",
            "soupName": "unidadesPorMes",
            "target": {
                "type": "soql",
                "query": "SELECT Id, Name, Cuenta__c, Producto__c, Descripcion_Producto__c, Unidades_Enero__c, Unidades_Febrero__c, Unidades_Marzo__c, Unidades_Abril__c, Unidades_Mayo__c, Unidades_Junio__c, Unidades_Julio__c, Unidades_Agosto__c, Unidades_Septiembre__c, Unidades_Octubre__c, Unidades_Noviembre__c, Unidades_Diciembre__c FROM Unidades_por_Mes__c LIMIT 10000"
            },
            "options": {
                "mergeMode": "OVERWRITE"
            }
        },
        {
            "syncName": "syncDownEnlaces",
            "syncType": "syncDown",
            "soupName": "enlaces",
            "target": {
                "type": "soql",
                "query": "SELECT Id, Activo__c, Name, URL__c from Enlaces__c LIMIT 10000"
            },
            "options": {
                "mergeMode": "OVERWRITE"
            }
        }
    ]
}